listing_id,neighbourhood,price_per_night,occupancy_rate,estimated_monthly_revenue
10001,Juarez,235,0.2,1390.68
10002,Centro Historico,69,0.4,828
10003,Coyoacan,250,0.14,1068.49
10004,Juarez,99,0.16,488.22
10005,Condesa,42,0.71,894.08
10006,Narvarte,110,0.41,1338.08
10007,Coyoacan,208,0.6,3744
10008,Coyoacan,81,0.47,1145.1
10009,Juarez,49,0.77,1127.67
10010,Polanco,181,0.19,1026.49
10011,Condesa,60,0.59,1055.34
10012,Juarez,127,0.33,1242.16
10013,Condesa,266,0.91,7236.66
10014,Condesa,55,0.18,298.36
10015,Narvarte,72,0.79,1710.25
10016,Coyoacan,191,0.29,1664.05
10017,Centro Historico,213,0.65,4166.63
10018,Narvarte,166,0.78,3861.21
10019,Narvarte,62,0.2,377.1
10020,Condesa,294,0.95,8360.88
10021,Del Valle,110,0.4,1310.96
10022,Coyoacan,101,0.09,273.95
10023,Polanco,228,0.56,3822.9
10024,Narvarte,196,0.96,5654.47
10025,Centro Historico,291,0.44,3850.77
10026,Del Valle,106,0.2,636
10027,Del Valle,121,0.67,2416.68
10028,Polanco,296,0.23,2067.95
10029,Narvarte,248,0.53,3934.03
10030,Centro Historico,187,0.69,3857.84
10031,Coyoacan,244,0.48,3509.59
10032,Roma Norte,95,0.85,2436.16
10033,Centro Historico,296,0.2,1800.33
10034,Polanco,252,0.5,3748.93
10035,Del Valle,170,0.53,2710.68
10036,Coyoacan,127,0.01,52.19
10037,Centro Historico,143,0.04,188.05
10038,Roma Norte,275,0.59,4882.19
10039,Roma Norte,176,0.61,3240.33
10040,Condesa,271,0.74,5991.7
10041,Condesa,211,0.49,3121.64
10042,Juarez,175,0.47,2488.36
10043,Polanco,223,0.62,4160.63
10044,Narvarte,83,0.3,750.41
10045,Centro Historico,224,0.73,4915.73
10046,Centro Historico,170,0.79,4052.05
10047,Narvarte,77,0.54,1253.1
10048,Juarez,124,0.57,2109.7
10049,Del Valle,279,0.04,366.9
10050,Del Valle,226,0.66,4458.08
10051,Juarez,140,0.39,1633.97
10052,Del Valle,267,0.17,1360.6
10053,Condesa,299,0.28,2531.26
10054,Centro Historico,71,0.58,1242.99
10055,Juarez,75,0.29,653.42
10056,Centro Historico,51,0.15,226.36
10057,Narvarte,93,0.91,2530.11
10058,Roma Norte,217,0.22,1409.01
10059,Condesa,75,0.78,1763.01
10060,Coyoacan,73,0.67,1458
10061,Condesa,226,0.67,4532.38
10062,Juarez,181,0.15,788.47
10063,Coyoacan,161,0.73,3506.71
10064,Roma Norte,80,0.93,2222.47
10065,Juarez,79,0.57,1344.08
10066,Polanco,35,0.35,371.1
10067,Centro Historico,202,0.39,2357.59
10068,Roma Norte,142,0.56,2392.6
10069,Centro Historico,53,0.45,714.41
10070,Del Valle,106,0.87,2753.1
10071,Polanco,143,0.31,1339.89
10072,Polanco,274,0.6,4909.48
10073,Roma Norte,124,0.03,112.11
10074,Polanco,137,0.48,1981.81
10075,Coyoacan,284,0.43,3641.42
10076,Polanco,42,0.42,528.16
10077,Centro Historico,187,0.81,4534.11
10078,Centro Historico,208,0.45,2803.73
10079,Juarez,192,0.96,5539.07
10080,Centro Historico,249,0.33,2435.42
10081,Juarez,211,0.48,3034.93
10082,Centro Historico,209,0.12,773.01
10083,Coyoacan,180,0.87,4719.45
10084,Narvarte,195,0.82,4808.22
10085,Juarez,161,0.33,1574.71
10086,Condesa,116,0.02,66.74
10087,Del Valle,181,0.44,2365.4
10088,Roma Norte,273,0.78,6350.05
10089,Centro Historico,118,0.81,2880.49
10090,Polanco,147,0.32,1401.53
10091,Narvarte,259,0.97,7535.84
10092,Centro Historico,277,0.46,3824.88
10093,Polanco,177,0.13,712.85
10094,Del Valle,75,0.89,2009.59
10095,Del Valle,292,0.24,2136
10096,Del Valle,139,0.68,2833.32
10097,Polanco,236,0.07,465.53
10098,Centro Historico,244,0.73,5334.58
10099,Del Valle,85,0.41,1054.93
10100,Coyoacan,152,0.37,1699.07
10101,Juarez,235,0.72,5060.55
10102,Polanco,73,0.69,1518
10103,Polanco,62,0.36,677.75
10104,Centro Historico,293,0.47,4093.97
10105,Polanco,118,0.47,1668.16
10106,Polanco,189,0.53,3013.64
10107,Del Valle,151,0.3,1352.79
10108,Centro Historico,36,0.89,961.64
10109,Del Valle,127,0.83,3173.26
10110,Juarez,200,0.03,180.82
10111,Narvarte,292,0.77,6720
10112,Juarez,115,0.21,737.26
10113,Narvarte,269,0.87,6986.63
10114,Del Valle,247,0.7,5176.85
10115,Juarez,96,0.67,1933.15
10116,Centro Historico,83,0.1,238.77
10117,Roma Norte,161,0.29,1415.92
10118,Del Valle,257,0.45,3485.34
10119,Narvarte,141,0.48,2016.49
10120,Coyoacan,180,0.06,310.68
10121,Narvarte,133,0.4,1606.93
10122,Coyoacan,107,0.92,2937.37
10123,Polanco,156,0.52,2436.16
10124,Juarez,64,0.7,1351.89
10125,Coyoacan,222,0.41,2700.49
10126,Narvarte,229,0.95,6550.03
10127,Polanco,190,0.45,2592.33
10128,Roma Norte,206,0.5,3064.6
10129,Centro Historico,75,0.23,511.64
10130,Centro Historico,97,0.93,2702.71
10131,Centro Historico,57,0.73,1246.19
10132,Coyoacan,109,0.59,1926.16
10133,Roma Norte,82,0.58,1422.08
10134,Coyoacan,194,0.52,3029.59
10135,Juarez,152,0.05,237.37
10136,Coyoacan,134,0.76,3061.81
10137,Roma Norte,201,0.26,1552.93
10138,Roma Norte,190,0.53,3013.97
10139,Juarez,41,0.94,1152.49
10140,Roma Norte,230,0.32,2211.78
10141,Narvarte,90,0.78,2100.82
10142,Roma Norte,227,0.58,3974.05
10143,Centro Historico,81,0.13,306.25
10144,Narvarte,182,0.2,1092
10145,Narvarte,191,0.24,1365.78
10146,Juarez,236,0.32,2230.68
10147,Condesa,160,0.3,1459.73
10148,Condesa,98,0.53,1554.58
10149,Roma Norte,210,0.81,5109.04
10150,Narvarte,150,0.96,4315.07
10151,Condesa,238,0.44,3110.3
10152,Condesa,65,0.82,1592.05
10153,Roma Norte,147,0.14,616.19
10154,Condesa,101,0.38,1153.89
10155,Coyoacan,109,0.9,2956.44
10156,Polanco,79,0.15,344.14
10157,Juarez,294,0.96,8481.7
10158,Polanco,188,0.92,5191.89
10159,Roma Norte,189,0.43,2454.41
10160,Centro Historico,268,0.81,6542.14
10161,Juarez,85,0.31,796.44
10162,Roma Norte,296,0.58,5109.04
10163,Narvarte,159,0.23,1084.68
10164,Centro Historico,279,0.29,2453.67
10165,Polanco,64,0.94,1799.01
10166,Roma Norte,156,0.94,4397.92
10167,Narvarte,159,0.85,4077.37
10168,Juarez,71,0.92,1966.6
10169,Juarez,204,0.8,4912.77
10170,Del Valle,158,0.32,1519.4
10171,Narvarte,69,0.05,107.75
10172,Coyoacan,121,0.7,2545.97
10173,Condesa,168,0.53,2664.99
10174,Centro Historico,230,0.64,4423.56
10175,Narvarte,235,0.85,6026.3
10176,Del Valle,111,0.11,355.81
10177,Condesa,93,0.58,1612.85
10178,Condesa,160,0.08,381.37
10179,Roma Norte,143,0.84,3596.55
10180,Condesa,258,0.8,6170.79
10181,Coyoacan,102,0,8.38
10182,Juarez,103,0.19,575.67
10183,Del Valle,199,0.53,3140.38
10184,Condesa,196,0.59,3463.56
10185,Roma Norte,76,0.12,262.36
10186,Coyoacan,143,0.62,2679.78
10187,Polanco,85,0.32,817.4
10188,Juarez,284,0.09,746.96
10189,Juarez,55,0.16,271.23
10190,Del Valle,173,0.46,2403.04
10191,Juarez,126,0.41,1532.71
10192,Condesa,159,0.37,1777.32
10193,Roma Norte,145,0.45,1978.36
10194,Juarez,173,0.03,142.19
10195,Juarez,133,0.2,787.07
10196,Polanco,286,0.01,94.03
10197,Polanco,138,0.33,1349.75
10198,Centro Historico,248,0.44,3302.14
10199,Coyoacan,283,0.19,1604.96
10200,Condesa,186,0.27,1482.9
10201,Juarez,284,0.3,2567.67
10202,Narvarte,199,0.6,3598.36
10203,Juarez,42,0.21,262.36
10204,Roma Norte,39,0.23,272.47
10205,Centro Historico,179,0.51,2721.78
10206,Coyoacan,135,0.54,2185.89
10207,Narvarte,198,0.42,2522.47
10208,Centro Historico,181,0.85,4626.66
10209,Del Valle,98,0.25,741.04
10210,Coyoacan,125,0.78,2928.08
10211,Juarez,151,0.69,3139.97
10212,Juarez,207,0.63,3930.16
10213,Coyoacan,81,0.12,286.27
10214,Juarez,174,0.19,1001.1
10215,Condesa,280,0.35,2899.73
10216,Coyoacan,183,0.58,3158.63
10217,Centro Historico,280,0.44,3659.18
10218,Coyoacan,39,0.37,432.74
10219,Narvarte,218,0.81,5303.67
10220,Juarez,54,0.71,1145.1
10221,Condesa,80,0.51,1216.44
10222,Condesa,46,0.5,691.89
10223,Del Valle,104,0.56,1752.33
10224,Centro Historico,51,0.02,25.15
10225,Polanco,181,0.64,3481.15
10226,Polanco,188,0.68,3832.11
10227,Coyoacan,142,0.96,4108.27
10228,Del Valle,270,0.72,5836.44
10229,Roma Norte,104,0.96,2991.78
10230,Coyoacan,217,0.19,1212.82
10231,Del Valle,284,0.68,5835.62
10232,Centro Historico,262,0.58,4522.19
10233,Centro Historico,136,0.23,950.14
10234,Centro Historico,109,0.71,2329.32
10235,Centro Historico,250,0.35,2609.59
10236,Centro Historico,237,0.42,2999.84
10237,Del Valle,226,0.39,2674.85
10238,Del Valle,283,0.96,8141.1
10239,Condesa,276,0.67,5535.12
10240,Narvarte,213,0.09,577.73
10241,Polanco,253,0.68,5198.63
10242,Juarez,116,0.59,2068.93
10243,Centro Historico,126,0.16,590.3
10244,Roma Norte,209,0.71,4466.3
10245,Juarez,273,0.05,426.33
10246,Del Valle,294,0.16,1425.7
10247,Roma Norte,197,0.39,2299.23
10248,Roma Norte,82,0.18,438.08
10249,Roma Norte,150,0.92,4117.81
10250,Condesa,259,0.45,3469.89
10251,Del Valle,181,0.56,3064.6
10252,Roma Norte,97,0.3,869.01
10253,Centro Historico,47,0.24,343.81
10254,Coyoacan,223,0.29,1924.52
10255,Roma Norte,242,0.97,7021.32
10256,Condesa,148,0.11,486.58
10257,Juarez,56,0.77,1288.77
10258,Del Valle,248,0.74,5483.18
10259,Narvarte,205,0.24,1449.04
10260,Condesa,88,0.36,947.51
10261,Roma Norte,160,0.93,4444.93
10262,Del Valle,238,0.67,4753.48
10263,Coyoacan,228,0.29,1967.67
10264,Roma Norte,203,0.34,2052.25
10265,Condesa,186,0.07,412.77
10266,Polanco,69,0.21,436.68
10267,Centro Historico,218,0.42,2759.34
10268,Narvarte,91,0.75,2041.89
10269,Juarez,256,0.63,4860.49
10270,Condesa,197,0.5,2930.71
10271,Del Valle,53,0.79,1250.22
10272,Narvarte,298,0.85,7568.38
10273,Narvarte,147,0.27,1208.22
10274,Narvarte,64,0.39,741.7
10275,Roma Norte,169,0.89,4528.27
10276,Centro Historico,101,0.21,622.6
10277,Roma Norte,99,0.33,968.3
10278,Del Valle,59,0.3,523.73
10279,Roma Norte,71,0.91,1931.59
10280,Polanco,35,0.77,811.23
10281,Centro Historico,71,0.41,875.34
10282,Centro Historico,175,0.12,604.11
10283,Del Valle,266,0.72,5728.11
10284,Juarez,170,0.63,3199.73
10285,Polanco,222,0.91,6039.62
10286,Condesa,162,0.06,292.93
10287,Roma Norte,235,0,19.32
10288,Coyoacan,161,0.66,3175.89
10289,Roma Norte,291,0.84,7366.68
10290,Narvarte,198,0.36,2115.62
10291,Roma Norte,69,0.25,510.41
10292,Condesa,228,0.7,4816.11
10293,Roma Norte,225,0.95,6380.14
10294,Polanco,138,0.74,3073.81
10295,Polanco,57,0.39,665.26
10296,Centro Historico,299,0.5,4497.29
10297,Del Valle,294,0.4,3552.16
10298,Juarez,109,0.8,2616
10299,Coyoacan,106,0.27,853.81
10300,Narvarte,293,0.07,577.97
10301,Roma Norte,222,0.64,4287.95
10302,Roma Norte,207,0.16,986.79
10303,Condesa,79,0.83,1960.93
10304,Del Valle,95,0.07,195.21
10305,Polanco,117,0.23,807.78
10306,Coyoacan,157,0.32,1483.97
10307,Centro Historico,50,0.31,464.38
10308,Polanco,100,0.93,2778.08
10309,Narvarte,179,0.46,2486.38
10310,Del Valle,196,0.03,161.1
10311,Narvarte,268,0.58,4669.81
10312,Juarez,178,0.26,1375.23
10313,Centro Historico,222,0.32,2134.85
10314,Juarez,47,0.14,200.88
10315,Condesa,218,0.16,1039.23
10316,Narvarte,145,0.77,3336.99
10317,Condesa,249,0.46,3438.25
10318,Roma Norte,154,0.06,291.12
10319,Juarez,89,0.3,804.66
10320,Del Valle,61,0.62,1133.1
10321,Narvarte,152,0.11,512.22
10322,Coyoacan,255,0.2,1530
10323,Centro Historico,265,0.76,6033.29
10324,Polanco,87,0.78,2030.79
10325,Del Valle,267,0.25,2040.9
10326,Del Valle,192,0.45,2603.84
10327,Condesa,55,0.8,1324.52
10328,Juarez,87,0.94,2459.84
10329,Narvarte,248,0.59,4382.47
10330,Narvarte,65,0.28,544.93
10331,Roma Norte,217,0.86,5582.55
10332,Roma Norte,57,0.93,1588.19
10333,Centro Historico,66,0.8,1589.42
10334,Condesa,108,0.28,914.3
10335,Del Valle,44,0.18,231.45
10336,Narvarte,88,0.95,2517.04
10337,Coyoacan,86,0.08,219.12
10338,Condesa,182,0.73,3979.07
10339,Centro Historico,194,0.41,2359.89
10340,Centro Historico,48,0.18,252.49
10341,Condesa,212,0.2,1254.58
10342,Centro Historico,87,0.65,1701.86
10343,Condesa,56,0.02,32.22
10344,Polanco,64,0.5,952.11
10345,Condesa,225,0.77,5178.08
10346,Juarez,294,0.7,6161.92
10347,Condesa,239,0.56,4026.99
10348,Centro Historico,93,0.24,657.37
10349,Narvarte,298,0.78,6980.55
10350,Juarez,46,0.48,665.42
10351,Centro Historico,153,0.64,2917.48
10352,Roma Norte,282,0.17,1460.22
10353,Roma Norte,161,0.19,939.53
10354,Narvarte,109,0.44,1442.38
10355,Narvarte,238,0.35,2503.89
10356,Juarez,83,0.22,552.58
10357,Polanco,113,0.68,2321.92
10358,Narvarte,275,0.92,7571.92
10359,Roma Norte,188,0.8,4512
10360,Condesa,130,0.52,2040.82
10361,Centro Historico,248,0.9,6706.19
10362,Roma Norte,243,0.12,898.77
10363,Roma Norte,122,0.19,711.95
10364,Polanco,298,0.57,5094.58
10365,Juarez,191,0.21,1177.4
10366,Juarez,190,0.08,468.49
10367,Del Valle,173,0.1,526.11
10368,Polanco,155,0.53,2446.03
10369,Condesa,99,0.36,1074.08
10370,Juarez,141,0.23,973.48
10371,Centro Historico,181,0.58,3124.11
10372,Narvarte,171,0.89,4581.86
10373,Polanco,196,0.85,5010.08
10374,Narvarte,134,0.22,892.11
10375,Roma Norte,175,0.88,4631.51
10376,Centro Historico,117,0.59,2067.53
10377,Centro Historico,211,0.1,659.01
10378,Roma Norte,232,0.37,2574.25
10379,Polanco,146,0.92,4008
10380,Roma Norte,90,0.48,1301.92
10381,Narvarte,213,0.07,472.68
10382,Del Valle,220,0.34,2260.27
10383,Centro Historico,252,0.87,6586.52
10384,Coyoacan,251,0.78,5900.22
10385,Coyoacan,154,0.66,3037.81
10386,Narvarte,209,0.32,2009.84
10387,Condesa,57,0.06,98.38
10388,Juarez,247,0.57,4222.68
10389,Roma Norte,269,0.95,7672.03
10390,Roma Norte,47,0.19,262.68
10391,Condesa,135,0.84,3395.34
10392,Condesa,58,0.05,85.81
10393,Narvarte,45,0.96,1298.22
10394,Narvarte,128,0.04,136.77
10395,Condesa,235,0.63,4442.47
10396,Centro Historico,55,0.77,1270.27
10397,Narvarte,245,0.52,3846.16
10398,Del Valle,174,0.21,1115.51
10399,Narvarte,135,0.09,355.07
10400,Roma Norte,62,0.15,285.37
10401,Narvarte,75,0.18,406.85
10402,Centro Historico,180,0.76,4127.67
10403,Condesa,290,0.16,1382.47
10404,Roma Norte,261,0.6,4698
10405,Narvarte,270,0.68,5547.95
10406,Centro Historico,47,0.72,1008.25
10407,Del Valle,244,0.61,4432.11
10408,Narvarte,263,0.79,6225.53
10409,Centro Historico,134,0.57,2301.86
10410,Del Valle,65,0.54,1052.47
10411,Condesa,50,0.53,793.15
10412,Narvarte,171,0.04,210.82
10413,Del Valle,200,0.46,2745.21
10414,Roma Norte,134,0.05,187.23
10415,Condesa,143,0.72,3067.64
10416,Roma Norte,207,0.48,2977.4
10417,Coyoacan,271,0.19,1514.63
10418,Polanco,196,0.09,547.73
10419,Narvarte,250,0.46,3472.6
10420,Del Valle,298,0.6,5339.51
10421,Polanco,297,0.62,5516.88
10422,Polanco,37,0.44,492.66
10423,Del Valle,62,0.11,203.84
10424,Condesa,183,0.23,1248.41
10425,Narvarte,62,0.01,20.38
10426,Coyoacan,99,0.58,1725.04
10427,Roma Norte,55,0.93,1536.99
10428,Centro Historico,286,0.15,1269.37
10429,Roma Norte,269,0.3,2454.16
10430,Centro Historico,261,0.68,5341.56
10431,Roma Norte,47,0.73,1035.29
10432,Del Valle,83,0.62,1548.58
10433,Coyoacan,152,0.04,187.4
10434,Narvarte,88,0.96,2545.97
10435,Centro Historico,172,0.08,409.97
10436,Narvarte,87,0.14,357.53
10437,Narvarte,78,0.72,1673.26
10438,Narvarte,87,0.4,1051.15
10439,Juarez,108,0.36,1162.85
10440,Condesa,80,0.02,52.6
10441,Roma Norte,47,0.1,135.21
10442,Narvarte,199,0.85,5054.05
10443,Roma Norte,136,0.48,1956.16
10444,Narvarte,292,0.68,6000
10445,Centro Historico,172,0.43,2219.51
10446,Condesa,197,0.68,4047.95
10447,Condesa,145,0.21,905.75
10448,Del Valle,136,0.26,1073.1
10449,Juarez,51,0.68,1039.56
10450,Del Valle,216,0.92,5982.9
10451,Del Valle,58,0.16,286.03
10452,Del Valle,63,0.14,258.9
10453,Del Valle,205,0.51,3117.12
10454,Del Valle,262,0.07,538.36
10455,Coyoacan,222,0.44,2937.7
10456,Condesa,264,0.94,7464.33
10457,Del Valle,153,0.44,2024.63
10458,Narvarte,190,0.2,1140
10459,Condesa,209,0.48,2988.99
10460,Condesa,138,0.14,578.47
10461,Polanco,126,0.58,2195.51
10462,Coyoacan,220,0.11,723.29
10463,Del Valle,215,0.48,3074.79
10464,Roma Norte,204,0.89,5466.08
10465,Centro Historico,221,0.75,4940.71
10466,Juarez,209,0.52,3263.84
10467,Narvarte,256,0.2,1514.96
10468,Roma Norte,267,0.21,1645.89
10469,Coyoacan,196,0.71,4188.49
10470,Centro Historico,168,0.25,1242.74
10471,Coyoacan,258,0.16,1229.92
10472,Narvarte,187,0.16,922.19
10473,Condesa,67,0.36,721.4
10474,Centro Historico,89,0.06,168.25
10475,Condesa,41,0.86,1058.14
10476,Narvarte,278,0.15,1211.01
10477,Roma Norte,160,0.3,1446.58
10478,Narvarte,46,0.41,559.56
10479,Roma Norte,50,0.33,489.04
10480,Centro Historico,242,0.92,6643.4
10481,Centro Historico,77,0.47,1082.22
10482,Del Valle,169,0.31,1583.51
10483,Coyoacan,262,0.2,1572
10484,Del Valle,145,0.86,3754.11
10485,Coyoacan,194,0.05,318.9
10486,Del Valle,298,0.53,4751.67
10487,Condesa,259,0.54,4172.38
10488,Centro Historico,251,0.73,5508.25
10489,Roma Norte,79,0.09,220.77
10490,Coyoacan,248,0.94,7011.95
10491,Narvarte,93,0.78,2163.21
10492,Coyoacan,166,0.77,3820.27
10493,Roma Norte,138,0.03,113.42
10494,Del Valle,229,0.42,2917.4
10495,Coyoacan,191,0.95,5431.73
10496,Juarez,132,0.01,43.4
10497,Condesa,260,0.36,2778.08
10498,Centro Historico,239,0.49,3535.89
10499,Roma Norte,113,0.22,743.01
10500,Centro Historico,158,0.87,4116.66
10501,Juarez,252,0.81,6130.85
10502,Coyoacan,38,0.79,905.75
10503,Coyoacan,124,0.1,356.71
10504,Narvarte,138,0.64,2631.45
10505,Juarez,153,0.53,2414.47
10506,Roma Norte,167,0.54,2704.03
10507,Narvarte,130,0.82,3194.79
10508,Condesa,177,0.76,4044.33
10509,Narvarte,62,0.44,825.53
10510,Polanco,267,0.19,1558.11
10511,Roma Norte,51,0.93,1429.4
10512,Polanco,93,0.94,2629.48
10513,Juarez,124,0.7,2598.9
10514,Del Valle,233,0.55,3830.14
10515,Polanco,60,0.04,78.9
10516,Condesa,59,0.63,1120.19
10517,Narvarte,215,0.21,1343.01
10518,Del Valle,102,0.67,2062.36
10519,Narvarte,83,0.06,150.08
10520,Polanco,209,0.58,3607.4
10521,Narvarte,86,0.38,989.59
10522,Juarez,136,0.53,2168.55
10523,Del Valle,250,0.62,4684.93
10524,Juarez,222,0.12,766.36
10525,Polanco,91,0.07,179.51
10526,Juarez,81,0.56,1371.45
10527,Condesa,193,0.88,5076.16
10528,Polanco,208,0.5,3128.55
10529,Polanco,276,0.92,7576.77
10530,Polanco,275,0.41,3390.41
10531,Roma Norte,39,0.63,734.05
10532,Narvarte,118,0.05,193.97
10533,Roma Norte,282,0.38,3221.75
10534,Roma Norte,88,0.71,1880.55
10535,Condesa,195,0.53,3077.26
10536,Del Valle,260,0.57,4444.93
10537,Narvarte,49,0.93,1361.26
10538,Juarez,258,0.17,1314.74
10539,Coyoacan,95,0.44,1257.12
10540,Polanco,156,0.56,2628.49
10541,Juarez,80,0.64,1532.05
10542,Polanco,96,0.46,1333.48
10543,Condesa,120,0.57,2041.64
10544,Polanco,244,0.69,5053.81
10545,Roma Norte,112,0.31,1040.22
10546,Narvarte,236,0.34,2424.66
10547,Coyoacan,257,0.41,3168.49
10548,Centro Historico,256,0.43,3324.49
10549,Polanco,37,0.05,57.78
10550,Juarez,40,0.74,884.38
10551,Roma Norte,127,0.59,2233.81
10552,Centro Historico,42,0.11,134.63
10553,Coyoacan,269,0.43,3471.21
10554,Centro Historico,142,0.85,3618.08
10555,Roma Norte,195,0.19,1089.86
10556,Narvarte,243,0.93,6810.66
10557,Narvarte,274,0.85,7026.41
10558,Del Valle,84,0.51,1291.07
10559,Narvarte,45,0.13,170.14
10560,Del Valle,190,0.85,4872.33
10561,Centro Historico,104,0.71,2205.37
10562,Condesa,203,0.26,1585.07
10563,Juarez,102,0.68,2070.74
10564,Juarez,286,0.2,1716
10565,Centro Historico,82,0.04,87.62
10566,Polanco,218,0.69,4515.29
10567,Polanco,221,0.27,1816.44
10568,Narvarte,124,0.41,1528.77
10569,Juarez,173,0.06,298.6
10570,Juarez,123,0.86,3164.3
10571,Del Valle,53,0.01,13.07
10572,Condesa,188,0.3,1715.18
10573,Roma Norte,294,0.19,1667.34
10574,Polanco,142,0,11.67
10575,Juarez,93,0.23,634.44
10576,Del Valle,159,0.75,3567.7
10577,Coyoacan,141,0.67,2850.9
10578,Del Valle,279,0.45,3806.63
10579,Polanco,281,0.19,1570.52
10580,Polanco,42,0.29,362.47
10581,Del Valle,175,0.39,2071.23
10582,Roma Norte,42,0.18,224.38
10583,Centro Historico,128,0.61,2346.08
10584,Polanco,73,0.42,930
10585,Del Valle,115,0.19,671.1
10586,Juarez,221,0.08,544.93
10587,Del Valle,118,0.72,2531.34
10588,Condesa,122,0.21,782.14
10589,Centro Historico,276,0.08,703.23
10590,Coyoacan,127,0.38,1430.05
10591,Roma Norte,120,0.73,2633.42
10592,Narvarte,78,0.78,1820.71
10593,Coyoacan,171,0.3,1531.97
10594,Centro Historico,108,0.62,2015.01
10595,Centro Historico,70,0.39,828.49
10596,Centro Historico,135,0.04,144.25
10597,Coyoacan,190,0.71,4060.27
10598,Juarez,289,0.77,6674.71
10599,Centro Historico,205,0.83,5088.49
10600,Del Valle,250,0.03,246.58
10601,Coyoacan,204,0.83,5063.67
10602,Narvarte,286,0.38,3243.95
10603,Centro Historico,89,0.93,2487.12
10604,Del Valle,125,0.7,2640.41
10605,Juarez,135,0.92,3728.22
10606,Condesa,189,0.85,4815.62
10607,Juarez,175,0.45,2344.52
10608,Narvarte,207,0.82,5070.08
10609,Centro Historico,44,0.67,886.03
10610,Narvarte,262,0.62,4888.27
10611,Coyoacan,299,0.05,466.93
10612,Polanco,282,0.44,3754.85
10613,Centro Historico,281,0.04,369.53
10614,Polanco,189,0.08,466.03
10615,Del Valle,68,0.95,1944.99
10616,Condesa,163,0.9,4380.9
10617,Roma Norte,194,0.67,3890.63
10618,Narvarte,123,0.53,1971.37
10619,Juarez,127,0.62,2348.63
10620,Condesa,275,0.46,3797.26
10621,Centro Historico,151,0.53,2395.32
10622,Polanco,128,0.44,1672.77
10623,Juarez,197,0.42,2461.15
10624,Polanco,133,0.39,1574.14
10625,Coyoacan,147,0.68,2984.3
10626,Polanco,125,0.22,821.92
10627,Coyoacan,240,0.78,5582.47
10628,Del Valle,51,0.52,792.25
10629,Juarez,207,0.26,1633.32
10630,Juarez,150,0.31,1393.15
10631,Roma Norte,215,0.22,1431.37
10632,Centro Historico,125,0.7,2609.59
10633,Coyoacan,116,0.5,1744.77
10634,Roma Norte,148,0.51,2250.41
10635,Polanco,291,0.59,5142.33
10636,Polanco,92,0.46,1270.36
10637,Roma Norte,188,0.74,4172.05
10638,Juarez,150,0.83,3747.95
10639,Polanco,237,0.67,4772.47
10640,Narvarte,75,0.04,86.3
10641,Del Valle,139,0.86,3575.92
10642,Del Valle,227,0.4,2705.34
10643,Narvarte,271,0.43,3474.74
10644,Roma Norte,255,0.16,1215.62
10645,Narvarte,102,0.03,83.84
10646,Coyoacan,231,0.32,2202.41
10647,Coyoacan,290,0.66,5744.38
10648,Roma Norte,173,0.9,4692.33
10649,Narvarte,183,0.16,857.34
10650,Coyoacan,133,0.76,3049.89
10651,Juarez,110,0.6,1980
10652,Narvarte,143,0.92,3949.15
10653,Juarez,222,0.4,2645.75
10654,Coyoacan,233,0.32,2221.48
10655,Del Valle,188,0.87,4898.3
10656,Coyoacan,74,0.24,535.23
10657,Juarez,167,0.41,2045.18
10658,Condesa,166,0.24,1214.3
10659,Centro Historico,118,0.55,1959.12
10660,Polanco,276,0.86,7123.07
10661,Narvarte,150,0.95,4253.42
10662,Condesa,143,0.17,728.71
10663,Coyoacan,255,0.71,5407.4
10664,Del Valle,75,0.22,499.32
10665,Roma Norte,181,0.35,1874.47
10666,Coyoacan,146,0.37,1632
10667,Del Valle,137,0.8,3276.74
10668,Centro Historico,80,0,6.58
10669,Coyoacan,229,0.34,2333.92
10670,Juarez,74,0.08,170.3
10671,Roma Norte,223,0.83,5571.95
10672,Del Valle,198,0.25,1513.48
10673,Del Valle,58,0.24,424.27
10674,Del Valle,58,0.11,185.92
10675,Centro Historico,38,0.09,99.95
10676,Coyoacan,215,0.55,3569.59
10677,Centro Historico,282,0.59,5006.47
10678,Narvarte,150,0.84,3760.27
10679,Polanco,103,0.65,2023.32
10680,Polanco,288,0.85,7338.08
10681,Narvarte,215,0.13,830.55
10682,Coyoacan,203,0.73,4471.56
10683,Juarez,283,0.41,3442.52
10684,Centro Historico,222,0.24,1587.45
10685,Roma Norte,88,0.73,1931.18
10686,Del Valle,172,0.65,3364.6
10687,Del Valle,202,0.83,5014.03
10688,Coyoacan,137,0.66,2702.47
10689,Juarez,119,0.65,2327.84
10690,Polanco,246,0.26,1941.04
10691,Polanco,37,0.77,854.55
10692,Del Valle,213,0.14,892.85
10693,Coyoacan,72,0.96,2065.32
10694,Centro Historico,273,0.64,5250.58
10695,Polanco,203,0.95,5756.3
10696,Centro Historico,64,0.02,42.08
10697,Juarez,224,0.39,2595.95
10698,Polanco,59,0.21,373.4
10699,Polanco,146,0.9,3936
10700,Condesa,240,0.33,2386.85
10701,Polanco,219,0.12,774
10702,Narvarte,81,0.9,2196.99
10703,Roma Norte,262,0.83,6503.34
10704,Narvarte,73,0.9,1962
10705,Coyoacan,50,0.01,12.33
10706,Coyoacan,56,0.53,883.73
10707,Centro Historico,247,0.24,1745.92
10708,Narvarte,183,0.06,330.9
10709,Narvarte,275,0.88,7255.48
10710,Narvarte,93,0.19,535.07
10711,Juarez,236,0.02,155.18
10712,Polanco,66,0.23,450.25
10713,Roma Norte,196,0.41,2384.22
10714,Centro Historico,289,0.32,2802.9
10715,Narvarte,288,0.72,6225.53
10716,Narvarte,43,0.5,646.77
10717,Condesa,173,0.76,3938.71
10718,Centro Historico,44,0.67,889.64
10719,Narvarte,248,0.38,2833.32
10720,Centro Historico,82,0.68,1684.93
10721,Polanco,145,0.85,3682.6
10722,Condesa,187,0.48,2689.73
10723,Centro Historico,157,0.8,3768
10724,Roma Norte,136,0.3,1229.59
10725,Roma Norte,275,0.31,2531.51
10726,Coyoacan,225,0.1,665.75
10727,Condesa,251,0.74,5549.51
10728,Condesa,85,0.38,971.1
10729,Coyoacan,115,0.96,3298.77
10730,Centro Historico,122,0.21,782.14
10731,Condesa,228,0.05,356.05
10732,Roma Norte,138,0.4,1656
10733,Roma Norte,130,0.51,1998.08
10734,Narvarte,232,0.07,495.78
10735,Polanco,35,0.6,627.12
10736,Condesa,201,0.14,826.03
10737,Centro Historico,160,0.35,1656.99
10738,Coyoacan,115,0.13,453.7
10739,Coyoacan,285,0.53,4567.81
10740,Centro Historico,203,0.97,5923.15
10741,Juarez,107,0.33,1055.34
10742,Del Valle,175,0.46,2416.44
10743,Polanco,104,0.96,3008.88
10744,Coyoacan,296,0.61,5449.64
10745,Condesa,279,0.38,3164.55
10746,Polanco,37,0.26,291.95
10747,Condesa,97,0.97,2830.27
10748,Juarez,83,0.78,1944.25
10749,Roma Norte,110,0.49,1609.32
10750,Polanco,209,0.46,2868.74
10751,Narvarte,143,0.18,763.97
10752,Coyoacan,217,0.95,6206.79
10753,Polanco,226,0.28,1913.26
10754,Polanco,99,0.18,520.77
10755,Polanco,134,0.31,1233.53
10756,Del Valle,66,0.64,1263.95
10757,Polanco,162,0.16,758.96
10758,Condesa,77,0.2,462
10759,Roma Norte,112,0.89,2982.58
10760,Juarez,196,0.06,354.41
10761,Centro Historico,223,0.58,3849.04
10762,Polanco,281,0.55,4619.18
10763,Coyoacan,250,0.93,6986.3
10764,Polanco,202,0,16.6
10765,Coyoacan,227,0.85,5765.18
10766,Condesa,47,0.29,405.62
10767,Coyoacan,274,0.46,3805.97
10768,Narvarte,181,0.89,4834.93
10769,Centro Historico,238,0.26,1877.92
10770,Roma Norte,114,0.93,3176.38
10771,Coyoacan,77,0.87,2006.22
10772,Coyoacan,123,0.14,525.7
10773,Roma Norte,182,0.87,4741.97
10774,Centro Historico,129,0.61,2375.01
10775,Polanco,185,0.89,4956.99
10776,Coyoacan,36,0.54,585.86
10777,Roma Norte,56,0.21,359.01
10778,Narvarte,41,0.42,515.59
10779,Narvarte,240,0.79,5720.55
10780,Condesa,148,0.68,3016.77
10781,Roma Norte,117,0.24,846.25
10782,Condesa,213,0.37,2345.92
10783,Narvarte,244,0.18,1283.51
10784,Centro Historico,158,0.93,4389.37
10785,Polanco,147,0.73,3213.86
10786,Roma Norte,46,0.48,661.64
10787,Juarez,160,0.28,1328.22
10788,Narvarte,87,0.28,736.52
10789,Narvarte,174,0.27,1415.84
10790,Juarez,131,0.03,107.67
10791,Del Valle,39,0.74,862.27
10792,Narvarte,91,0.73,1989.53
10793,Coyoacan,103,0.33,1007.42
10794,Centro Historico,152,0.78,3573.04
10795,Roma Norte,93,0.85,2384.88
10796,Juarez,67,0.43,859.07
10797,Coyoacan,84,0.56,1408.44
10798,Juarez,53,0.74,1176.16
10799,Roma Norte,248,0.92,6869.26
10800,Condesa,231,0.7,4841.51
10801,Roma Norte,81,0.72,1737.62
10802,Del Valle,201,0.28,1685.1
10803,Roma Norte,175,0.89,4689.04
10804,Roma Norte,118,0.29,1037.75
10805,Del Valle,216,0.88,5734.36
10806,Centro Historico,113,0.35,1179.53
10807,Narvarte,249,0.94,7040.22
10808,Roma Norte,48,0.65,938.96
10809,Del Valle,249,0.02,122.79
10810,Coyoacan,162,0.55,2676.33
10811,Condesa,282,0.3,2549.59
10812,Condesa,63,0.07,124.27
10813,Roma Norte,236,0.3,2114.3
10814,Centro Historico,91,0.9,2445.78
10815,Centro Historico,252,0.53,4038.9
10816,Coyoacan,96,0.33,954.74
10817,Roma Norte,191,0.45,2605.97
10818,Condesa,236,0.65,4635.95
10819,Centro Historico,51,0.23,356.3
10820,Roma Norte,40,0.27,322.19
10821,Juarez,92,0.48,1330.85
10822,Centro Historico,203,0.5,3070.03
10823,Del Valle,116,0.22,781.81
10824,Juarez,253,0.27,2017.07
10825,Narvarte,211,0.61,3832.68
10826,Centro Historico,238,0.51,3618.9
10827,Condesa,105,0.4,1260
10828,Polanco,132,0.33,1301.92
10829,Juarez,242,0.47,3381.37
10830,Narvarte,36,0.72,772.27
10831,Coyoacan,158,0.95,4480.27
10832,Coyoacan,108,0.79,2556.49
10833,Condesa,200,0.4,2400
10834,Centro Historico,56,0.44,736.44
10835,Roma Norte,188,0.71,3986.63
10836,Centro Historico,253,0.72,5468.96
10837,Condesa,191,0.92,5243.34
10838,Coyoacan,264,0.5,3992.55
10839,Centro Historico,54,0.61,985.32
10840,Coyoacan,75,0.91,2040.41
10841,Juarez,182,0.47,2557.97
10842,Narvarte,142,0.74,3162.9
10843,Roma Norte,118,0.82,2919.29
10844,Juarez,168,0.29,1449.86
10845,Coyoacan,241,0.58,4199.34
10846,Coyoacan,107,0.01,43.97
10847,Polanco,82,0.52,1273.81
10848,Polanco,267,0.36,2896.77
10849,Juarez,134,0.37,1497.86
10850,Del Valle,93,0.48,1352.96
10851,Juarez,292,0.65,5688
10852,Polanco,99,0.25,740.47
10853,Coyoacan,117,0.56,1980.99
10854,Condesa,188,0.39,2178.74
10855,Juarez,113,0.44,1476.74
10856,Coyoacan,184,0.86,4748.71
10857,Condesa,82,0.83,2042.14
10858,Condesa,282,0.07,602.63
10859,Polanco,132,0.29,1139.18
10860,Juarez,59,0.17,295.81
10861,Centro Historico,102,0.23,712.6
10862,Roma Norte,41,0.64,785.18
10863,Polanco,171,0.05,238.93
10864,Polanco,198,0.25,1464.66
10865,Centro Historico,117,0.02,76.93
10866,Roma Norte,172,0.9,4622.79
10867,Coyoacan,107,0.88,2823.04
10868,Del Valle,271,0.96,7795.89
10869,Juarez,80,0.67,1610.96
10870,Del Valle,140,0.17,713.42
10871,Coyoacan,296,0.76,6787.73
10872,Narvarte,210,0.02,120.82
10873,Polanco,200,0.57,3435.62
10874,Roma Norte,179,0.79,4251.86
10875,Polanco,88,0.95,2517.04
10876,Condesa,212,0.64,4077.37
10877,Polanco,278,0.04,365.59
10878,Polanco,161,0.5,2395.15
10879,Coyoacan,166,0.48,2414.96
10880,Coyoacan,127,0.74,2828.79
10881,Coyoacan,107,0.85,2735.1
10882,Del Valle,282,0.6,5099.18
10883,Condesa,77,0.04,82.27
10884,Narvarte,75,0.93,2095.89
10885,Narvarte,204,0.06,385.64
10886,Coyoacan,246,0.44,3255.29
10887,Roma Norte,202,0.95,5761.15
10888,Del Valle,73,0.11,240
10889,Centro Historico,279,0.06,504.49
10890,Roma Norte,185,0.06,349.73
10891,Juarez,145,0.08,345.62
10892,Juarez,81,0.93,2270.22
10893,Roma Norte,97,0.08,231.21
10894,Coyoacan,259,0.7,5407.07
10895,Centro Historico,103,0.36,1100.55
10896,Centro Historico,237,0.21,1519.4
10897,Del Valle,95,0.67,1897.4
10898,Centro Historico,195,0.97,5689.73
10899,Juarez,50,0.25,369.86
10900,Condesa,128,0.41,1557.04
10901,Coyoacan,172,0.67,3477.7
10902,Centro Historico,72,0.43,923.18
10903,Del Valle,161,0.14,661.64
10904,Juarez,198,0.94,5598.25
10905,Condesa,111,0.03,100.36
10906,Polanco,208,0.46,2872.11
10907,Polanco,125,0.55,2075.34
10908,Condesa,272,0.06,491.84
10909,Juarez,298,0.21,1885.97
10910,Del Valle,213,0.51,3238.77
10911,Condesa,243,0.61,4433.92
10912,Coyoacan,107,0.91,2910.99
10913,Coyoacan,141,0.93,3917.1
10914,Polanco,216,0.45,2947.07
10915,Centro Historico,71,0.59,1254.66
10916,Del Valle,171,0.86,4399.15
10917,Polanco,90,0.06,162.74
10918,Centro Historico,221,0.2,1307.84
10919,Centro Historico,292,0.58,5040
10920,Narvarte,92,0.11,310.03
10921,Coyoacan,157,0.1,477.45
10922,Juarez,222,0.72,4817.1
10923,Roma Norte,264,0.48,3840.66
10924,Juarez,202,0.82,4980.82
10925,Roma Norte,148,0.55,2445.04
10926,Condesa,286,0.54,4607.34
10927,Coyoacan,141,0.67,2839.32
10928,Centro Historico,71,0.6,1278
10929,Del Valle,126,0.34,1284.16
10930,Roma Norte,52,0.37,581.26
10931,Juarez,97,0.79,2296.11
10932,Centro Historico,184,0.15,816.66
10933,Roma Norte,173,0.29,1521.45
10934,Roma Norte,220,0.09,596.71
10935,Narvarte,219,0.96,6300
10936,Roma Norte,239,0.21,1492.93
10937,Del Valle,294,0.72,6331.07
10938,Coyoacan,248,0.24,1773.37
10939,Del Valle,290,0.44,3789.86
10940,Polanco,169,0.91,4597.73
10941,Centro Historico,95,0.57,1624.11
10942,Coyoacan,122,0.65,2386.52
10943,Narvarte,241,0.05,356.55
10944,Coyoacan,163,0.05,241.15
10945,Coyoacan,37,0.79,881.92
10946,Juarez,276,0.15,1247.67
10947,Coyoacan,155,0.5,2305.89
10948,Narvarte,136,0.1,413.59
10949,Del Valle,72,0.77,1656.99
10950,Coyoacan,167,0.66,3321.7
10951,Condesa,236,0.67,4752.33
10952,Centro Historico,55,0.29,483.7
10953,Coyoacan,276,0.42,3470.79
10954,Centro Historico,143,0.57,2456.47
10955,Condesa,118,0.88,3113.26
10956,Condesa,117,0.13,451.97
10957,Centro Historico,103,0.9,2793.7
10958,Roma Norte,163,0.32,1580.88
10959,Polanco,230,0.94,6465.21
10960,Juarez,174,0.85,4447.73
10961,Roma Norte,268,0.38,3083.84
10962,Roma Norte,57,0.34,576.25
10963,Del Valle,187,0.45,2505.29
10964,Juarez,95,0.84,2381.51
10965,Juarez,86,0.39,1003.73
10966,Roma Norte,187,0.56,3150.82
10967,Coyoacan,271,0.22,1804.19
10968,Del Valle,66,0.05,97.64
10969,Del Valle,89,0.77,2048.22
10970,Condesa,70,0.37,782.47
10971,Narvarte,144,0.02,94.68
10972,Juarez,211,0.46,2930.88
10973,Roma Norte,131,0.18,721.4
10974,Condesa,247,0.9,6658.85
10975,Centro Historico,171,0.48,2473.64
10976,Polanco,40,0.28,338.63
10977,Narvarte,143,0.63,2703.29
10978,Narvarte,69,0.49,1015.15
10979,Narvarte,73,0.87,1914
10980,Del Valle,184,0.7,3886.68
10981,Centro Historico,152,0.71,3223.23
10982,Narvarte,295,0.63,5552.47
10983,Centro Historico,121,0.52,1869.7
10984,Coyoacan,110,0.76,2495.34
10985,Narvarte,248,0.17,1263.78
10986,Polanco,273,0.06,516.08
10987,Centro Historico,199,0.63,3761.92
10988,Centro Historico,121,0.04,129.29
10989,Polanco,175,0.13,661.64
10990,Narvarte,194,0.56,3284.71
10991,Polanco,80,0.93,2235.62
10992,Centro Historico,146,0.9,3936
10993,Polanco,79,0.5,1188.25
10994,Centro Historico,281,0.85,7159.73
10995,Centro Historico,138,0.08,317.59
10996,Coyoacan,119,0.33,1173.7
10997,Roma Norte,168,0.39,1960.77
10998,Centro Historico,142,0.74,3162.9
10999,Narvarte,52,0.2,316.27
11000,Condesa,128,0.34,1304.55
11001,Del Valle,184,0.74,4098.41
11002,Juarez,280,0.8,6696.99
11003,Roma Norte,243,0.61,4433.92
11004,Roma Norte,160,0.56,2695.89
11005,Roma Norte,269,0.66,5328.41
11006,Coyoacan,156,0.8,3744
11007,Centro Historico,172,0.04,183.78
11008,Coyoacan,149,0.01,48.99
11009,Centro Historico,196,0.54,3189.7
11010,Narvarte,235,0.76,5388.9
11011,Coyoacan,268,0.58,4625.75
11012,Coyoacan,62,0.04,66.25
11013,Del Valle,45,0.36,484.52
11014,Condesa,240,0.12,848.22
11015,Coyoacan,201,0.69,4179.7
11016,Del Valle,281,0.02,207.86
11017,Polanco,81,0.15,366.16
11018,Condesa,280,0.73,6167.67
11019,Narvarte,161,0.15,701.34
11020,Coyoacan,181,0.52,2796.82
11021,Juarez,152,0.51,2323.73
11022,Roma Norte,186,0.61,3378.58
11023,Polanco,106,0.84,2665.97
11024,Polanco,171,0.04,224.88
11025,Narvarte,209,0.02,154.6
11026,Del Valle,53,0.61,967.07
11027,Polanco,229,0.02,169.4
11028,Condesa,209,0.6,3762
11029,Coyoacan,175,0.3,1596.58
11030,Coyoacan,280,0.68,5684.38
11031,Juarez,127,0.12,448.85
11032,Narvarte,273,0.19,1548.25
11033,Roma Norte,239,0.92,6580.68
11034,Del Valle,82,0.73,1792.77
11035,Roma Norte,279,0.16,1375.89
11036,Polanco,162,0.67,3248.88
11037,Narvarte,51,0.15,230.55
11038,Juarez,105,0.76,2407.81
11039,Roma Norte,41,0.49,603.21
11040,Condesa,137,0.04,146.38
11041,Coyoacan,227,0.57,3880.77
11042,Polanco,275,0.7,5763.7
11043,Juarez,96,0.3,867.95
11044,Roma Norte,51,0.65,1001.84
11045,Del Valle,205,0.72,4448.22
11046,Condesa,59,0.9,1590.58
11047,Condesa,285,0.91,7753.56
11048,Roma Norte,287,0.82,7029.53
11049,Coyoacan,241,0.16,1168.68
11050,Roma Norte,63,0.61,1149.53
11051,Polanco,151,0.07,310.27
11052,Roma Norte,178,0.29,1565.42
11053,Condesa,59,0.87,1542.08
11054,Juarez,190,0.77,4388.22
11055,Roma Norte,107,0.59,1882.03
11056,Coyoacan,154,0.09,430.36
11057,Narvarte,127,0.52,1962.41
11058,Juarez,120,0.27,956.71
11059,Del Valle,152,0,12.49
11060,Centro Historico,267,0.36,2874.82
11061,Roma Norte,233,0.56,3906.74
11062,Coyoacan,240,0.92,6647.67
11063,Juarez,181,0.58,3124.11
11064,Coyoacan,173,0.32,1635.21
11065,Del Valle,215,0.03,212.05
11066,Condesa,64,0.33,625.97
11067,Coyoacan,91,0.88,2400.9
11068,Juarez,266,0.45,3629.26
11069,Coyoacan,180,0.97,5252.05
11070,Coyoacan,82,0.56,1368.16
11071,Coyoacan,228,0.63,4310.14
11072,Polanco,258,0.03,233.26
11073,Polanco,170,0.36,1816.44
11074,Condesa,56,0.37,621.37
11075,Roma Norte,40,0.4,476.71
11076,Coyoacan,238,0.91,6474.9
11077,Del Valle,273,0.93,7629.04
11078,Roma Norte,219,0.48,3132
11079,Del Valle,254,0.07,563.67
11080,Roma Norte,150,0.62,2798.63
11081,Condesa,83,0.86,2142.08
11082,Coyoacan,207,0.05,340.27
11083,Coyoacan,116,0.33,1144.11
11084,Centro Historico,79,0.88,2090.79
11085,Del Valle,54,0.03,48.82
11086,Roma Norte,255,0.85,6518.22
11087,Roma Norte,157,0.61,2864.71
11088,Narvarte,268,0.92,7379.18
11089,Narvarte,255,0.64,4904.38
11090,Polanco,37,0.78,869.75
11091,Centro Historico,216,0.01,71.01
11092,Juarez,240,0.84,6075.62
11093,Narvarte,74,0.87,1928.05
11094,Juarez,93,0.19,527.42
11095,Polanco,96,0.95,2730.08
11096,Polanco,166,0.89,4447.89
11097,Polanco,94,0.31,865.32
11098,Del Valle,156,0.22,1051.4
11099,Del Valle,141,0.73,3105.86
11100,Condesa,130,0.31,1196.71
11101,Condesa,269,0.07,596.96
11102,Polanco,96,0.93,2690.63
11103,Centro Historico,290,0.96,8390.14
11104,Roma Norte,83,0.45,1125.62
11105,Del Valle,193,0.52,2982.25
11106,Centro Historico,158,0.95,4506.25
11107,Coyoacan,241,0.68,4892.63
11108,Del Valle,82,0.6,1476
11109,Del Valle,170,0.55,2822.47
11110,Condesa,235,0.4,2839.32
11111,Roma Norte,284,0.23,1960.77
11112,Roma Norte,243,0.58,4254.16
11113,Narvarte,245,0.7,5175.21
11114,Juarez,226,0.13,891.62
11115,Juarez,78,0.79,1839.95
11116,Juarez,63,0.3,564.41
11117,Juarez,93,0.26,726.16
11118,Coyoacan,105,0.22,690.41
11119,Coyoacan,126,0.76,2868.66
11120,Del Valle,299,0.58,5160.82
11121,Polanco,254,0.67,5114.79
11122,Condesa,249,0.27,2005.64
11123,Condesa,98,0.72,2118.41
11124,Juarez,279,0.94,7865.51
11125,Del Valle,96,0.26,757.48
11126,Narvarte,204,0.68,4141.48
11127,Centro Historico,88,0.07,188.05
11128,Polanco,50,0.46,686.3
11129,Del Valle,42,0.72,900.99
11130,Polanco,138,0.69,2846.96
11131,Polanco,93,0.95,2660.05
11132,Polanco,74,0.79,1757.75
11133,Del Valle,271,0.45,3675.21
11134,Juarez,128,0.27,1052.05
11135,Condesa,256,0.95,7301.26
11136,Condesa,238,0.65,4675.23
11137,Juarez,172,0.24,1258.19
11138,Polanco,241,0.7,5090.71
11139,Centro Historico,115,0.16,548.22
11140,Roma Norte,252,0.53,3976.77
11141,Del Valle,36,0.59,636.16
11142,Roma Norte,212,0.24,1533.37
11143,Narvarte,180,0.87,4719.45
11144,Juarez,258,0.77,5979.95
11145,Centro Historico,96,0.78,2232.99
11146,Del Valle,273,0.13,1077.04
11147,Juarez,229,0.43,2955.04
11148,Polanco,200,0.62,3715.07
11149,Condesa,256,0.3,2314.52
11150,Roma Norte,95,0.12,343.56
11151,Coyoacan,163,0.81,3965.59
11152,Coyoacan,207,0.21,1310.05
11153,Centro Historico,190,0.69,3950.96
11154,Polanco,144,0.16,710.14
11155,Narvarte,108,0.1,319.56
11156,Roma Norte,241,0.04,297.12
11157,Polanco,238,0.56,4010.14
11158,Roma Norte,195,0.55,3189.45
11159,Centro Historico,62,0.41,764.38
11160,Centro Historico,291,0.48,4233.45
11161,Narvarte,199,0.44,2600.63
11162,Coyoacan,97,0.36,1060.36
11163,Polanco,56,0.73,1228.93
11164,Del Valle,104,0.19,589.81
11165,Coyoacan,130,0.22,854.79
11166,Polanco,197,0.33,1943.01
11167,Coyoacan,113,0.47,1606.77
11168,Del Valle,39,0.4,471.21
11169,Condesa,154,0.62,2860.6
11170,Condesa,212,0.56,3537.21
11171,Narvarte,210,0.94,5920.27
11172,Condesa,251,0.64,4827.45
11173,Condesa,90,0.37,1006.03
11174,Juarez,221,0.68,4541.1
11175,Roma Norte,266,0.78,6252.82
11176,Juarez,289,0.44,3824.3
11177,Juarez,138,0.47,1928.22
11178,Narvarte,111,0.7,2344.68
11179,Juarez,264,0.75,5945.42
11180,Condesa,292,0.77,6744
11181,Del Valle,298,0.04,391.89
11182,Narvarte,216,0.45,2911.56
11183,Narvarte,290,0.08,738.9
11184,Centro Historico,72,0.39,840.33
11185,Narvarte,210,0.11,707.67
11186,Centro Historico,61,0.1,190.52
11187,Narvarte,174,0.58,3031.89
11188,Roma Norte,125,0.38,1438.36
11189,Condesa,95,0.09,249.86
11190,Narvarte,197,0.93,5521.4
11191,Condesa,177,0.38,2022.16
11192,Condesa,287,0.88,7572.08
11193,Coyoacan,221,0.47,3142.44
11194,Narvarte,120,0.24,848.22
11195,Polanco,200,0.7,4208.22
11196,Coyoacan,148,0.96,4245.37
11197,Polanco,217,0.89,5814.41
11198,Condesa,241,0.14,1010.22
11199,Condesa,290,0.58,5053.15
11200,Coyoacan,269,0.67,5416.85
11201,Coyoacan,37,0.34,377.1
11202,Polanco,242,0.48,3520.6
11203,Centro Historico,231,0.78,5392.11
11204,Polanco,159,0.4,1908
11205,Coyoacan,172,0.37,1922.63
11206,Del Valle,59,0.76,1338.41
11207,Coyoacan,102,0.75,2288.71
11208,Del Valle,95,0.86,2451.78
11209,Roma Norte,63,0.23,429.78
11210,Coyoacan,53,0.45,718.77
11211,Roma Norte,205,0.5,3083.42
11212,Centro Historico,108,0.96,3097.97
11213,Polanco,95,0.55,1569.45
11214,Del Valle,187,0.95,5317.97
11215,Polanco,82,0.88,2170.19
11216,Roma Norte,245,0.88,6443.84
11217,Del Valle,173,0.96,4976.71
11218,Polanco,144,0.39,1668.82
11219,Coyoacan,217,0.61,3959.51
11220,Condesa,62,0.19,361.81
11221,Roma Norte,231,0.63,4366.85
11222,Polanco,225,0.05,351.37
11223,Roma Norte,85,0.5,1271.51
11224,Juarez,183,0.56,3068.38
11225,Roma Norte,84,0.07,172.6
11226,Del Valle,280,0.9,7594.52
11227,Juarez,147,0.66,2911.81
11228,Narvarte,204,0.2,1207.23
11229,Del Valle,200,0.77,4619.18
11230,Condesa,48,0.52,749.59
11231,Juarez,237,0.46,3253.07
11232,Narvarte,223,0.76,5095.4
11233,Coyoacan,189,0.73,4132.11
11234,Roma Norte,89,0.49,1316.71
11235,Polanco,216,0.92,5947.4
11236,Centro Historico,244,0.83,6056.55
11237,Roma Norte,109,0.47,1540.93
11238,Narvarte,167,0.37,1839.29
11239,Roma Norte,93,0.11,313.4
11240,Condesa,216,0.08,497.1
11241,Coyoacan,98,0.48,1425.7
11242,Centro Historico,294,0.22,1933.15
11243,Juarez,227,0.67,4552.44
11244,Juarez,177,0.36,1920.33
11245,Juarez,138,0.39,1610.63
11246,Narvarte,248,0.81,6053.92
11247,Del Valle,276,0.08,657.86
11248,Del Valle,243,0.68,4933.23
11249,Polanco,127,0.55,2077.23
11250,Centro Historico,176,0.45,2386.85
11251,Juarez,146,0.43,1872
11252,Del Valle,93,0.12,336.33
11253,Narvarte,77,0.44,1012.6
11254,Polanco,241,0.88,6358.44
11255,Coyoacan,152,0.3,1374.25
11256,Polanco,54,0.33,528.16
11257,Del Valle,256,0.69,5302.36
11258,Condesa,200,0.96,5736.99
11259,Narvarte,165,0.2,990
11260,Condesa,190,0.97,5543.84
11261,Juarez,218,0.38,2454.74
11262,Condesa,124,0.35,1284.16
11263,Juarez,128,0.5,1935.78
11264,Juarez,47,0.74,1039.15
11265,Del Valle,264,0.86,6835.07
11266,Condesa,60,0.64,1149.04
11267,Juarez,109,0.07,223.97
11268,Centro Historico,184,0.16,877.15
11269,Coyoacan,182,0.49,2662.68
11270,Polanco,42,0.8,1011.45
11271,Polanco,63,0.52,989.01
11272,Del Valle,243,0.46,3375.37
11273,Condesa,162,0.4,1957.32
11274,Condesa,150,0.35,1590.41
11275,Juarez,178,0.84,4506.08
11276,Narvarte,269,0.36,2918.47
11277,Roma Norte,41,0.97,1189.56
11278,Juarez,79,0.5,1175.26
11279,Coyoacan,273,0.7,5766.66
11280,Centro Historico,189,0.66,3728.22
11281,Polanco,215,0.24,1519.73
11282,Juarez,249,0.28,2107.97
11283,Roma Norte,122,0.11,391.07
11284,Roma Norte,290,0.72,6221.1
11285,Juarez,107,0.23,729.95
11286,Del Valle,213,0.91,5812.27
11287,Polanco,246,0.66,4852.6
11288,Del Valle,268,0.56,4515.62
11289,Centro Historico,273,0.05,403.89
11290,Roma Norte,257,0.84,6463.73
11291,Roma Norte,153,0.41,1886.3
11292,Coyoacan,298,0.06,514.36
11293,Centro Historico,241,0.76,5486.88
11294,Roma Norte,129,0.78,3032.38
11295,Centro Historico,256,0.9,6922.52
11296,Polanco,265,0.23,1851.37
11297,Condesa,153,0.84,3848.05
11298,Roma Norte,98,0.18,515.51
11299,Coyoacan,45,0.3,403.15
11300,Polanco,132,0.25,998.14
11301,Juarez,105,0.76,2390.55
11302,Centro Historico,92,0.45,1255.23
11303,Juarez,285,0.85,7238.22
11304,Del Valle,84,0.01,13.81
11305,Polanco,250,0.01,82.19
11306,Juarez,86,0.46,1180.44
11307,Narvarte,118,0.27,969.86
11308,Narvarte,160,0.37,1762.19
11309,Roma Norte,106,0.32,1001.92
11310,Centro Historico,270,0.24,1930.68
11311,Condesa,90,0.97,2626.03
11312,Polanco,144,0.88,3811.07
11313,Roma Norte,226,0.76,5145.37
11314,Coyoacan,127,0.33,1252.6
11315,Del Valle,90,0.06,162.74
11316,Centro Historico,94,0.02,54.08
11317,Polanco,172,0.71,3647.34
11318,Narvarte,73,0.75,1644
11319,Polanco,62,0.45,835.73
11320,Condesa,83,0.28,702.66
11321,Narvarte,159,0.87,4155.78
11322,Condesa,47,0.94,1321.15
11323,Coyoacan,70,0.02,51.78
11324,Del Valle,135,0.13,510.41
11325,Coyoacan,120,0.4,1449.86
11326,Roma Norte,38,0.73,833.92
11327,Roma Norte,257,0.82,6336.99
11328,Coyoacan,200,0.72,4306.85
11329,Del Valle,164,0.72,3545.1
11330,Coyoacan,65,0.04,85.48
11331,Del Valle,45,0.74,1002.33
11332,Del Valle,130,0.3,1186.03
11333,Juarez,224,0.92,6149.26
11334,Narvarte,226,0.18,1207.4
11335,Centro Historico,162,0.23,1118.47
11336,Del Valle,272,0.14,1117.81
11337,Condesa,146,0.64,2808
11338,Del Valle,179,0.62,3354.41
11339,Del Valle,99,0.67,1977.29
11340,Del Valle,281,0.23,1916.96
11341,Juarez,257,0.05,422.47
11342,Narvarte,140,0.62,2600.55
11343,Juarez,215,0.61,3958.36
11344,Roma Norte,218,0.74,4855.73
11345,Juarez,260,0.02,128.22
11346,Condesa,299,0.75,6758.22
11347,Condesa,123,0.08,313.4
11348,Juarez,210,0.79,4953.7
11349,Narvarte,52,0.57,888.99
11350,Coyoacan,140,0.93,3912.33
11351,Centro Historico,201,0.13,809.51
11352,Narvarte,47,0.69,969.62
11353,Juarez,66,0.52,1036.11
11354,Del Valle,74,0.42,942.74
11355,Polanco,182,0.44,2378.47
11356,Centro Historico,252,0.47,3541.81
11357,Centro Historico,253,0.09,707.01
11358,Condesa,116,0.25,867.62
11359,Centro Historico,242,0.7,5091.95
11360,Juarez,235,0.04,270.41
11361,Del Valle,72,0.1,213.04
11362,Del Valle,245,0.39,2859.45
11363,Roma Norte,283,0.21,1814.3
11364,Del Valle,261,0.53,4161.7
11365,Narvarte,82,0.55,1341.21
11366,Del Valle,52,0.29,448.77
11367,Condesa,230,0.71,4896.16
11368,Del Valle,221,0.93,6139.56
11369,Roma Norte,258,0.08,614.96
11370,Polanco,263,0.71,5598.66
11371,Juarez,111,0.97,3238.77
11372,Condesa,222,0.38,2554.52
11373,Narvarte,129,0.61,2375.01
11374,Polanco,166,0.26,1309.81
11375,Condesa,73,0.63,1386
11376,Coyoacan,106,0.75,2387.18
11377,Centro Historico,194,0.2,1164
11378,Coyoacan,221,0.51,3360.41
11379,Del Valle,225,0.81,5492.47
11380,Polanco,154,0.89,4101.04
11381,Del Valle,254,0.53,4070.96
11382,Centro Historico,87,0.2,514.85
11383,Condesa,256,0.68,5260.27
11384,Centro Historico,165,0.69,3403.97
11385,Roma Norte,271,0.35,2851.07
11386,Centro Historico,280,0.46,3866.3
11387,Roma Norte,260,0.78,6111.78
11388,Centro Historico,242,0.1,755.84
11389,Juarez,130,0.18,705.21
11390,Roma Norte,234,0.74,5173.64
11391,Polanco,281,0.82,6928.77
11392,Del Valle,106,0.67,2117.1
11393,Narvarte,219,0.94,6174
11394,Del Valle,40,0.93,1111.23
11395,Coyoacan,240,0.48,3432.33
11396,Del Valle,66,0.67,1318.19
11397,Condesa,133,0.35,1388.3
11398,Juarez,290,0.51,4409.59
11399,Centro Historico,221,0.17,1108.03
11400,Coyoacan,110,0.46,1509.86
11401,Condesa,211,0.76,4803.86
11402,Condesa,289,0.58,4988.22
11403,Roma Norte,224,0.48,3203.51
11404,Del Valle,161,0.19,926.3
11405,Polanco,288,0.29,2509.15
11406,Narvarte,247,0.01,40.6
11407,Polanco,284,0.12,980.38
11408,Coyoacan,118,0.44,1551.78
11409,Juarez,47,0.09,127.48
11410,Polanco,79,0.78,1850.55
11411,Centro Historico,161,0.3,1429.15
11412,Polanco,148,0.58,2554.52
11413,Coyoacan,239,0.68,4910.96
11414,Narvarte,92,0.25,703.23
11415,Polanco,253,0.16,1247.67
11416,Centro Historico,143,0.78,3361.48
11417,Roma Norte,208,0.45,2786.63
11418,Juarez,298,0.79,7054.03
11419,Coyoacan,145,0.14,607.81
11420,Roma Norte,221,0.83,5521.97
11421,Roma Norte,263,0.19,1534.77
11422,Roma Norte,190,0.06,343.56
11423,Condesa,223,0.95,6360.08
11424,Juarez,36,0.29,310.68
11425,Narvarte,280,0.07,552.33
11426,Del Valle,244,0.16,1163.18
11427,Juarez,47,0.47,664.44
11428,Condesa,130,0.48,1891.23
11429,Del Valle,255,0.43,3311.51
11430,Juarez,272,0.62,5097.21
11431,Roma Norte,128,0.92,3534.9
11432,Coyoacan,205,0.08,471.78
11433,Del Valle,128,0.8,3061.48
11434,Centro Historico,183,0.48,2617.15
11435,Centro Historico,146,0.32,1380
11436,Polanco,89,0.91,2428.6
11437,Del Valle,150,0.75,3365.75
11438,Coyoacan,177,0.1,538.27
11439,Narvarte,235,0.47,3302.88
11440,Condesa,214,0.11,703.56
11441,Roma Norte,236,0.7,4985.1
11442,Polanco,87,0.81,2102.3
11443,Centro Historico,214,0.19,1231.23
11444,Condesa,171,0.92,4694.3
11445,Condesa,216,0.39,2556.49
11446,Roma Norte,35,0.63,661.64
11447,Narvarte,78,0.86,2013.04
11448,Narvarte,261,0.71,5534.63
11449,Del Valle,132,0.89,3526.03
11450,Centro Historico,242,0.54,3938.3
11451,Narvarte,299,0.67,5996.38
11452,Coyoacan,174,0.3,1558.85
11453,Narvarte,271,0.64,5212.11
11454,Condesa,106,0.23,723.12
11455,Roma Norte,189,0.17,963.12
11456,Coyoacan,224,0.41,2743.23
11457,Del Valle,141,0.67,2850.9
11458,Centro Historico,266,0.21,1705.32
11459,Del Valle,76,0.82,1873.97
11460,Condesa,224,0.82,5504.88
11461,Coyoacan,173,0.18,924.25
11462,Coyoacan,137,0.66,2724.99
11463,Coyoacan,205,0.13,808.77
11464,Condesa,255,0.04,314.38
11465,Condesa,247,0.43,3207.62
11466,Del Valle,90,0.1,258.9
11467,Polanco,136,0.48,1978.52
11468,Del Valle,226,0.38,2544.82
11469,Centro Historico,234,0.22,1519.4
11470,Roma Norte,267,0.93,7461.37
11471,Coyoacan,261,0.81,6328.36
11472,Polanco,173,0.83,4294.19
11473,Roma Norte,183,0.52,2827.73
11474,Polanco,149,0.9,4041.37
11475,Narvarte,97,0.05,159.45
11476,Narvarte,138,0.8,3300.66
11477,Juarez,190,0.7,3997.81
11478,Narvarte,40,0.77,927.12
11479,Del Valle,181,0.45,2439.78
11480,Narvarte,218,0.51,3314.79
11481,Condesa,62,0.23,422.96
11482,Coyoacan,72,0.46,1000.11
11483,Del Valle,153,0.91,4187.59
11484,Roma Norte,278,0.48,3998.63
11485,Juarez,102,0.08,243.12
11486,Juarez,248,0.68,5055.12
11487,Juarez,252,0.06,434.96
11488,Roma Norte,211,0.53,3364.44
11489,Roma Norte,198,0.15,878.79
11490,Roma Norte,92,0.41,1134.25
11491,Roma Norte,92,0.76,2102.14
11492,Juarez,139,0.93,3884.38
11493,Juarez,262,0.08,624.49
11494,Polanco,281,0.71,6004.93
11495,Del Valle,222,0.57,3813.53
11496,Coyoacan,117,0.97,3404.22
11497,Narvarte,220,0.95,6256.44
11498,Narvarte,286,0.63,5430.08
11499,Condesa,272,0.75,6147.95
11500,Juarez,218,0.59,3870.25
