listing_id,neighbourhood,price_per_night,occupancy_rate,estimated_monthly_revenue,roi_score
10001,Juarez,235,0.2,1390.68,0.19
10002,Centro Historico,69,0.4,828,0.33
10003,Coyoacan,250,0.14,1068.49,0.14
10004,Juarez,99,0.16,488.22,0.21
10005,Condesa,42,0.71,894.08,0.44
10006,Narvarte,110,0.41,1338.08,0.33
10007,Coyoacan,208,0.6,3744,0.47
10008,Coyoacan,81,0.47,1145.1,0.36
10009,Juarez,49,0.77,1127.67,0.47
10010,Polanco,181,0.19,1026.49,0.2
10011,Condesa,60,0.59,1055.34,0.4
10012,Juarez,127,0.33,1242.16,0.29
10013,Condesa,266,0.91,7236.66,0.73
10014,Condesa,55,0.18,298.36,0.24
10015,Narvarte,72,0.79,1710.25,0.5
10016,Coyoacan,191,0.29,1664.05,0.26
10017,Centro Historico,213,0.65,4166.63,0.5
10018,Narvarte,166,0.78,3861.21,0.56
10019,Narvarte,62,0.2,377.1,0.24
10020,Condesa,294,0.95,8360.88,0.79
10021,Del Valle,110,0.4,1310.96,0.33
10022,Coyoacan,101,0.09,273.95,0.18
10023,Polanco,228,0.56,3822.9,0.45
10024,Narvarte,196,0.96,5654.47,0.7
10025,Centro Historico,291,0.44,3850.77,0.37
10026,Del Valle,106,0.2,636,0.23
10027,Del Valle,121,0.67,2416.68,0.47
10028,Polanco,296,0.23,2067.95,0.2
10029,Narvarte,248,0.53,3934.03,0.43
10030,Centro Historico,187,0.69,3857.84,0.51
10031,Coyoacan,244,0.48,3509.59,0.39
10032,Roma Norte,95,0.85,2436.16,0.54
10033,Centro Historico,296,0.2,1800.33,0.17
10034,Polanco,252,0.5,3748.93,0.41
10035,Del Valle,170,0.53,2710.68,0.41
10036,Coyoacan,127,0.01,52.19,0.12
10037,Centro Historico,143,0.04,188.05,0.13
10038,Roma Norte,275,0.59,4882.19,0.49
10039,Roma Norte,176,0.61,3240.33,0.46
10040,Condesa,271,0.74,5991.7,0.6
10041,Condesa,211,0.49,3121.64,0.39
10042,Juarez,175,0.47,2488.36,0.38
10043,Polanco,223,0.62,4160.63,0.49
10044,Narvarte,83,0.3,750.41,0.28
10045,Centro Historico,224,0.73,4915.73,0.57
10046,Centro Historico,170,0.79,4052.05,0.57
10047,Narvarte,77,0.54,1253.1,0.39
10048,Juarez,124,0.57,2109.7,0.42
10049,Del Valle,279,0.04,366.9,0.05
10050,Del Valle,226,0.66,4458.08,0.51
10051,Juarez,140,0.39,1633.97,0.32
10052,Del Valle,267,0.17,1360.6,0.15
10053,Condesa,299,0.28,2531.26,0.24
10054,Centro Historico,71,0.58,1242.99,0.41
10055,Juarez,75,0.29,653.42,0.28
10056,Centro Historico,51,0.15,226.36,0.22
10057,Narvarte,93,0.91,2530.11,0.57
10058,Roma Norte,217,0.22,1409.01,0.2
10059,Condesa,75,0.78,1763.01,0.5
10060,Coyoacan,73,0.67,1458,0.44
10061,Condesa,226,0.67,4532.38,0.52
10062,Juarez,181,0.15,788.47,0.17
10063,Coyoacan,161,0.73,3506.71,0.52
10064,Roma Norte,80,0.93,2222.47,0.56
10065,Juarez,79,0.57,1344.08,0.4
10066,Polanco,35,0.35,371.1,0.31
10067,Centro Historico,202,0.39,2357.59,0.32
10068,Roma Norte,142,0.56,2392.6,0.42
10069,Centro Historico,53,0.45,714.41,0.35
10070,Del Valle,106,0.87,2753.1,0.56
10071,Polanco,143,0.31,1339.89,0.28
10072,Polanco,274,0.6,4909.48,0.49
10073,Roma Norte,124,0.03,112.11,0.13
10074,Polanco,137,0.48,1981.81,0.37
10075,Coyoacan,284,0.43,3641.42,0.36
10076,Polanco,42,0.42,528.16,0.33
10077,Centro Historico,187,0.81,4534.11,0.59
10078,Centro Historico,208,0.45,2803.73,0.36
10079,Juarez,192,0.96,5539.07,0.69
10080,Centro Historico,249,0.33,2435.42,0.28
10081,Juarez,211,0.48,3034.93,0.39
10082,Centro Historico,209,0.12,773.01,0.14
10083,Coyoacan,180,0.87,4719.45,0.63
10084,Narvarte,195,0.82,4808.22,0.61
10085,Juarez,161,0.33,1574.71,0.29
10086,Condesa,116,0.02,66.74,0.13
10087,Del Valle,181,0.44,2365.4,0.35
10088,Roma Norte,273,0.78,6350.05,0.63
10089,Centro Historico,118,0.81,2880.49,0.54
10090,Polanco,147,0.32,1401.53,0.28
10091,Narvarte,259,0.97,7535.84,0.77
10092,Centro Historico,277,0.46,3824.88,0.38
10093,Polanco,177,0.13,712.85,0.17
10094,Del Valle,75,0.89,2009.59,0.54
10095,Del Valle,292,0.24,2136,0.21
10096,Del Valle,139,0.68,2833.32,0.48
10097,Polanco,236,0.07,465.53,0.09
10098,Centro Historico,244,0.73,5334.58,0.58
10099,Del Valle,85,0.41,1054.93,0.33
10100,Coyoacan,152,0.37,1699.07,0.31
10101,Juarez,235,0.72,5060.55,0.56
10102,Polanco,73,0.69,1518,0.45
10103,Polanco,62,0.36,677.75,0.31
10104,Centro Historico,293,0.47,4093.97,0.39
10105,Polanco,118,0.47,1668.16,0.36
10106,Polanco,189,0.53,3013.64,0.42
10107,Del Valle,151,0.3,1352.79,0.27
10108,Centro Historico,36,0.89,961.64,0.51
10109,Del Valle,127,0.83,3173.26,0.56
10110,Juarez,200,0.03,180.82,0.09
10111,Narvarte,292,0.77,6720,0.64
10112,Juarez,115,0.21,737.26,0.23
10113,Narvarte,269,0.87,6986.63,0.7
10114,Del Valle,247,0.7,5176.85,0.56
10115,Juarez,96,0.67,1933.15,0.46
10116,Centro Historico,83,0.1,238.77,0.19
10117,Roma Norte,161,0.29,1415.92,0.27
10118,Del Valle,257,0.45,3485.34,0.37
10119,Narvarte,141,0.48,2016.49,0.37
10120,Coyoacan,180,0.06,310.68,0.12
10121,Narvarte,133,0.4,1606.93,0.33
10122,Coyoacan,107,0.92,2937.37,0.58
10123,Polanco,156,0.52,2436.16,0.4
10124,Juarez,64,0.7,1351.89,0.45
10125,Coyoacan,222,0.41,2700.49,0.34
10126,Narvarte,229,0.95,6550.03,0.73
10127,Polanco,190,0.45,2592.33,0.37
10128,Roma Norte,206,0.5,3064.6,0.4
10129,Centro Historico,75,0.23,511.64,0.25
10130,Centro Historico,97,0.93,2702.71,0.58
10131,Centro Historico,57,0.73,1246.19,0.46
10132,Coyoacan,109,0.59,1926.16,0.42
10133,Roma Norte,82,0.58,1422.08,0.41
10134,Coyoacan,194,0.52,3029.59,0.41
10135,Juarez,152,0.05,237.37,0.13
10136,Coyoacan,134,0.76,3061.81,0.53
10137,Roma Norte,201,0.26,1552.93,0.24
10138,Roma Norte,190,0.53,3013.97,0.41
10139,Juarez,41,0.94,1152.49,0.53
10140,Roma Norte,230,0.32,2211.78,0.28
10141,Narvarte,90,0.78,2100.82,0.5
10142,Roma Norte,227,0.58,3974.05,0.46
10143,Centro Historico,81,0.13,306.25,0.2
10144,Narvarte,182,0.2,1092,0.2
10145,Narvarte,191,0.24,1365.78,0.23
10146,Juarez,236,0.32,2230.68,0.27
10147,Condesa,160,0.3,1459.73,0.27
10148,Condesa,98,0.53,1554.58,0.39
10149,Roma Norte,210,0.81,5109.04,0.61
10150,Narvarte,150,0.96,4315.07,0.65
10151,Condesa,238,0.44,3110.3,0.36
10152,Condesa,65,0.82,1592.05,0.5
10153,Roma Norte,147,0.14,616.19,0.18
10154,Condesa,101,0.38,1153.89,0.32
10155,Coyoacan,109,0.9,2956.44,0.58
10156,Polanco,79,0.15,344.14,0.21
10157,Juarez,294,0.96,8481.7,0.8
10158,Polanco,188,0.92,5191.89,0.66
10159,Roma Norte,189,0.43,2454.41,0.35
10160,Centro Historico,268,0.81,6542.14,0.66
10161,Juarez,85,0.31,796.44,0.29
10162,Roma Norte,296,0.58,5109.04,0.48
10163,Narvarte,159,0.23,1084.68,0.23
10164,Centro Historico,279,0.29,2453.67,0.25
10165,Polanco,64,0.94,1799.01,0.55
10166,Roma Norte,156,0.94,4397.92,0.64
10167,Narvarte,159,0.85,4077.37,0.6
10168,Juarez,71,0.92,1966.6,0.55
10169,Juarez,204,0.8,4912.77,0.6
10170,Del Valle,158,0.32,1519.4,0.28
10171,Narvarte,69,0.05,107.75,0.18
10172,Coyoacan,121,0.7,2545.97,0.49
10173,Condesa,168,0.53,2664.99,0.41
10174,Centro Historico,230,0.64,4423.56,0.5
10175,Narvarte,235,0.85,6026.3,0.66
10176,Del Valle,111,0.11,355.81,0.18
10177,Condesa,93,0.58,1612.85,0.41
10178,Condesa,160,0.08,381.37,0.14
10179,Roma Norte,143,0.84,3596.55,0.57
10180,Condesa,258,0.8,6170.79,0.64
10181,Coyoacan,102,0,8.38,0.13
10182,Juarez,103,0.19,575.67,0.22
10183,Del Valle,199,0.53,3140.38,0.41
10184,Condesa,196,0.59,3463.56,0.45
10185,Roma Norte,76,0.12,262.36,0.2
10186,Coyoacan,143,0.62,2679.78,0.45
10187,Polanco,85,0.32,817.4,0.29
10188,Juarez,284,0.09,746.96,0.08
10189,Juarez,55,0.16,271.23,0.23
10190,Del Valle,173,0.46,2403.04,0.37
10191,Juarez,126,0.41,1532.71,0.33
10192,Condesa,159,0.37,1777.32,0.31
10193,Roma Norte,145,0.45,1978.36,0.36
10194,Juarez,173,0.03,142.19,0.1
10195,Juarez,133,0.2,787.07,0.22
10196,Polanco,286,0.01,94.03,0.02
10197,Polanco,138,0.33,1349.75,0.29
10198,Centro Historico,248,0.44,3302.14,0.37
10199,Coyoacan,283,0.19,1604.96,0.16
10200,Condesa,186,0.27,1482.9,0.24
10201,Juarez,284,0.3,2567.67,0.25
10202,Narvarte,199,0.6,3598.36,0.46
10203,Juarez,42,0.21,262.36,0.25
10204,Roma Norte,39,0.23,272.47,0.26
10205,Centro Historico,179,0.51,2721.78,0.4
10206,Coyoacan,135,0.54,2185.89,0.41
10207,Narvarte,198,0.42,2522.47,0.35
10208,Centro Historico,181,0.85,4626.66,0.61
10209,Del Valle,98,0.25,741.04,0.26
10210,Coyoacan,125,0.78,2928.08,0.53
10211,Juarez,151,0.69,3139.97,0.5
10212,Juarez,207,0.63,3930.16,0.49
10213,Coyoacan,81,0.12,286.27,0.2
10214,Juarez,174,0.19,1001.1,0.2
10215,Condesa,280,0.35,2899.73,0.29
10216,Coyoacan,183,0.58,3158.63,0.44
10217,Centro Historico,280,0.44,3659.18,0.36
10218,Coyoacan,39,0.37,432.74,0.31
10219,Narvarte,218,0.81,5303.67,0.62
10220,Juarez,54,0.71,1145.1,0.45
10221,Condesa,80,0.51,1216.44,0.37
10222,Condesa,46,0.5,691.89,0.36
10223,Del Valle,104,0.56,1752.33,0.41
10224,Centro Historico,51,0.02,25.15,0.17
10225,Polanco,181,0.64,3481.15,0.48
10226,Polanco,188,0.68,3832.11,0.51
10227,Coyoacan,142,0.96,4108.27,0.64
10228,Del Valle,270,0.72,5836.44,0.59
10229,Roma Norte,104,0.96,2991.78,0.6
10230,Coyoacan,217,0.19,1212.82,0.18
10231,Del Valle,284,0.68,5835.62,0.57
10232,Centro Historico,262,0.58,4522.19,0.47
10233,Centro Historico,136,0.23,950.14,0.24
10234,Centro Historico,109,0.71,2329.32,0.48
10235,Centro Historico,250,0.35,2609.59,0.29
10236,Centro Historico,237,0.42,2999.84,0.35
10237,Del Valle,226,0.39,2674.85,0.33
10238,Del Valle,283,0.96,8141.1,0.79
10239,Condesa,276,0.67,5535.12,0.55
10240,Narvarte,213,0.09,577.73,0.12
10241,Polanco,253,0.68,5198.63,0.55
10242,Juarez,116,0.59,2068.93,0.43
10243,Centro Historico,126,0.16,590.3,0.2
10244,Roma Norte,209,0.71,4466.3,0.54
10245,Juarez,273,0.05,426.33,0.06
10246,Del Valle,294,0.16,1425.7,0.14
10247,Roma Norte,197,0.39,2299.23,0.32
10248,Roma Norte,82,0.18,438.08,0.23
10249,Roma Norte,150,0.92,4117.81,0.62
10250,Condesa,259,0.45,3469.89,0.37
10251,Del Valle,181,0.56,3064.6,0.43
10252,Roma Norte,97,0.3,869.01,0.28
10253,Centro Historico,47,0.24,343.81,0.26
10254,Coyoacan,223,0.29,1924.52,0.25
10255,Roma Norte,242,0.97,7021.32,0.75
10256,Condesa,148,0.11,486.58,0.16
10257,Juarez,56,0.77,1288.77,0.48
10258,Del Valle,248,0.74,5483.18,0.58
10259,Narvarte,205,0.24,1449.04,0.22
10260,Condesa,88,0.36,947.51,0.31
10261,Roma Norte,160,0.93,4444.93,0.64
10262,Del Valle,238,0.67,4753.48,0.53
10263,Coyoacan,228,0.29,1967.67,0.25
10264,Roma Norte,203,0.34,2052.25,0.29
10265,Condesa,186,0.07,412.77,0.12
10266,Polanco,69,0.21,436.68,0.24
10267,Centro Historico,218,0.42,2759.34,0.35
10268,Narvarte,91,0.75,2041.89,0.49
10269,Juarez,256,0.63,4860.49,0.51
10270,Condesa,197,0.5,2930.71,0.39
10271,Del Valle,53,0.79,1250.22,0.48
10272,Narvarte,298,0.85,7568.38,0.71
10273,Narvarte,147,0.27,1208.22,0.26
10274,Narvarte,64,0.39,741.7,0.32
10275,Roma Norte,169,0.89,4528.27,0.63
10276,Centro Historico,101,0.21,622.6,0.23
10277,Roma Norte,99,0.33,968.3,0.29
10278,Del Valle,59,0.3,523.73,0.28
10279,Roma Norte,71,0.91,1931.59,0.55
10280,Polanco,35,0.77,811.23,0.46
10281,Centro Historico,71,0.41,875.34,0.33
10282,Centro Historico,175,0.12,604.11,0.15
10283,Del Valle,266,0.72,5728.11,0.58
10284,Juarez,170,0.63,3199.73,0.47
10285,Polanco,222,0.91,6039.62,0.69
10286,Condesa,162,0.06,292.93,0.13
10287,Roma Norte,235,0,19.32,0.04
10288,Coyoacan,161,0.66,3175.89,0.48
10289,Roma Norte,291,0.84,7366.68,0.7
10290,Narvarte,198,0.36,2115.62,0.3
10291,Roma Norte,69,0.25,510.41,0.26
10292,Condesa,228,0.7,4816.11,0.55
10293,Roma Norte,225,0.95,6380.14,0.72
10294,Polanco,138,0.74,3073.81,0.52
10295,Polanco,57,0.39,665.26,0.32
10296,Centro Historico,299,0.5,4497.29,0.42
10297,Del Valle,294,0.4,3552.16,0.34
10298,Juarez,109,0.8,2616,0.53
10299,Coyoacan,106,0.27,853.81,0.26
10300,Narvarte,293,0.07,577.97,0.06
10301,Roma Norte,222,0.64,4287.95,0.5
10302,Roma Norte,207,0.16,986.79,0.17
10303,Condesa,79,0.83,1960.93,0.52
10304,Del Valle,95,0.07,195.21,0.17
10305,Polanco,117,0.23,807.78,0.24
10306,Coyoacan,157,0.32,1483.97,0.28
10307,Centro Historico,50,0.31,464.38,0.29
10308,Polanco,100,0.93,2778.08,0.58
10309,Narvarte,179,0.46,2486.38,0.37
10310,Del Valle,196,0.03,161.1,0.09
10311,Narvarte,268,0.58,4669.81,0.48
10312,Juarez,178,0.26,1375.23,0.24
10313,Centro Historico,222,0.32,2134.85,0.28
10314,Juarez,47,0.14,200.88,0.22
10315,Condesa,218,0.16,1039.23,0.16
10316,Narvarte,145,0.77,3336.99,0.54
10317,Condesa,249,0.46,3438.25,0.38
10318,Roma Norte,154,0.06,291.12,0.13
10319,Juarez,89,0.3,804.66,0.28
10320,Del Valle,61,0.62,1133.1,0.42
10321,Narvarte,152,0.11,512.22,0.16
10322,Coyoacan,255,0.2,1530,0.18
10323,Centro Historico,265,0.76,6033.29,0.61
10324,Polanco,87,0.78,2030.79,0.5
10325,Del Valle,267,0.25,2040.9,0.22
10326,Del Valle,192,0.45,2603.84,0.36
10327,Condesa,55,0.8,1324.52,0.49
10328,Juarez,87,0.94,2459.84,0.58
10329,Narvarte,248,0.59,4382.47,0.47
10330,Narvarte,65,0.28,544.93,0.27
10331,Roma Norte,217,0.86,5582.55,0.65
10332,Roma Norte,57,0.93,1588.19,0.54
10333,Centro Historico,66,0.8,1589.42,0.5
10334,Condesa,108,0.28,914.3,0.27
10335,Del Valle,44,0.18,231.45,0.24
10336,Narvarte,88,0.95,2517.04,0.58
10337,Coyoacan,86,0.08,219.12,0.18
10338,Condesa,182,0.73,3979.07,0.54
10339,Centro Historico,194,0.41,2359.89,0.33
10340,Centro Historico,48,0.18,252.49,0.24
10341,Condesa,212,0.2,1254.58,0.19
10342,Centro Historico,87,0.65,1701.86,0.44
10343,Condesa,56,0.02,32.22,0.17
10344,Polanco,64,0.5,952.11,0.37
10345,Condesa,225,0.77,5178.08,0.59
10346,Juarez,294,0.7,6161.92,0.58
10347,Condesa,239,0.56,4026.99,0.45
10348,Centro Historico,93,0.24,657.37,0.25
10349,Narvarte,298,0.78,6980.55,0.65
10350,Juarez,46,0.48,665.42,0.36
10351,Centro Historico,153,0.64,2917.48,0.47
10352,Roma Norte,282,0.17,1460.22,0.15
10353,Roma Norte,161,0.19,939.53,0.21
10354,Narvarte,109,0.44,1442.38,0.35
10355,Narvarte,238,0.35,2503.89,0.3
10356,Juarez,83,0.22,552.58,0.25
10357,Polanco,113,0.68,2321.92,0.47
10358,Narvarte,275,0.92,7571.92,0.75
10359,Roma Norte,188,0.8,4512,0.59
10360,Condesa,130,0.52,2040.82,0.39
10361,Centro Historico,248,0.9,6706.19,0.71
10362,Roma Norte,243,0.12,898.77,0.13
10363,Roma Norte,122,0.19,711.95,0.22
10364,Polanco,298,0.57,5094.58,0.48
10365,Juarez,191,0.21,1177.4,0.21
10366,Juarez,190,0.08,468.49,0.13
10367,Del Valle,173,0.1,526.11,0.15
10368,Polanco,155,0.53,2446.03,0.4
10369,Condesa,99,0.36,1074.08,0.31
10370,Juarez,141,0.23,973.48,0.23
10371,Centro Historico,181,0.58,3124.11,0.44
10372,Narvarte,171,0.89,4581.86,0.63
10373,Polanco,196,0.85,5010.08,0.63
10374,Narvarte,134,0.22,892.11,0.23
10375,Roma Norte,175,0.88,4631.51,0.63
10376,Centro Historico,117,0.59,2067.53,0.43
10377,Centro Historico,211,0.1,659.01,0.13
10378,Roma Norte,232,0.37,2574.25,0.31
10379,Polanco,146,0.92,4008,0.62
10380,Roma Norte,90,0.48,1301.92,0.37
10381,Narvarte,213,0.07,472.68,0.11
10382,Del Valle,220,0.34,2260.27,0.29
10383,Centro Historico,252,0.87,6586.52,0.69
10384,Coyoacan,251,0.78,5900.22,0.62
10385,Coyoacan,154,0.66,3037.81,0.48
10386,Narvarte,209,0.32,2009.84,0.28
10387,Condesa,57,0.06,98.38,0.19
10388,Juarez,247,0.57,4222.68,0.46
10389,Roma Norte,269,0.95,7672.03,0.77
10390,Roma Norte,47,0.19,262.68,0.24
10391,Condesa,135,0.84,3395.34,0.57
10392,Condesa,58,0.05,85.81,0.18
10393,Narvarte,45,0.96,1298.22,0.54
10394,Narvarte,128,0.04,136.77,0.13
10395,Condesa,235,0.63,4442.47,0.5
10396,Centro Historico,55,0.77,1270.27,0.48
10397,Narvarte,245,0.52,3846.16,0.42
10398,Del Valle,174,0.21,1115.51,0.22
10399,Narvarte,135,0.09,355.07,0.16
10400,Roma Norte,62,0.15,285.37,0.22
10401,Narvarte,75,0.18,406.85,0.23
10402,Centro Historico,180,0.76,4127.67,0.56
10403,Condesa,290,0.16,1382.47,0.14
10404,Roma Norte,261,0.6,4698,0.49
10405,Narvarte,270,0.68,5547.95,0.56
10406,Centro Historico,47,0.72,1008.25,0.45
10407,Del Valle,244,0.61,4432.11,0.48
10408,Narvarte,263,0.79,6225.53,0.63
10409,Centro Historico,134,0.57,2301.86,0.42
10410,Del Valle,65,0.54,1052.47,0.39
10411,Condesa,50,0.53,793.15,0.38
10412,Narvarte,171,0.04,210.82,0.11
10413,Del Valle,200,0.46,2745.21,0.37
10414,Roma Norte,134,0.05,187.23,0.14
10415,Condesa,143,0.72,3067.64,0.51
10416,Roma Norte,207,0.48,2977.4,0.38
10417,Coyoacan,271,0.19,1514.63,0.17
10418,Polanco,196,0.09,547.73,0.13
10419,Narvarte,250,0.46,3472.6,0.38
10420,Del Valle,298,0.6,5339.51,0.5
10421,Polanco,297,0.62,5516.88,0.52
10422,Polanco,37,0.44,492.66,0.34
10423,Del Valle,62,0.11,203.84,0.2
10424,Condesa,183,0.23,1248.41,0.22
10425,Narvarte,62,0.01,20.38,0.16
10426,Coyoacan,99,0.58,1725.04,0.41
10427,Roma Norte,55,0.93,1536.99,0.54
10428,Centro Historico,286,0.15,1269.37,0.13
10429,Roma Norte,269,0.3,2454.16,0.26
10430,Centro Historico,261,0.68,5341.56,0.55
10431,Roma Norte,47,0.73,1035.29,0.46
10432,Del Valle,83,0.62,1548.58,0.43
10433,Coyoacan,152,0.04,187.4,0.12
10434,Narvarte,88,0.96,2545.97,0.59
10435,Centro Historico,172,0.08,409.97,0.13
10436,Narvarte,87,0.14,357.53,0.21
10437,Narvarte,78,0.72,1673.26,0.47
10438,Narvarte,87,0.4,1051.15,0.33
10439,Juarez,108,0.36,1162.85,0.31
10440,Condesa,80,0.02,52.6,0.16
10441,Roma Norte,47,0.1,135.21,0.21
10442,Narvarte,199,0.85,5054.05,0.63
10443,Roma Norte,136,0.48,1956.16,0.37
10444,Narvarte,292,0.68,6000,0.57
10445,Centro Historico,172,0.43,2219.51,0.35
10446,Condesa,197,0.68,4047.95,0.52
10447,Condesa,145,0.21,905.75,0.22
10448,Del Valle,136,0.26,1073.1,0.25
10449,Juarez,51,0.68,1039.56,0.44
10450,Del Valle,216,0.92,5982.9,0.69
10451,Del Valle,58,0.16,286.03,0.23
10452,Del Valle,63,0.14,258.9,0.22
10453,Del Valle,205,0.51,3117.12,0.4
10454,Del Valle,262,0.07,538.36,0.08
10455,Coyoacan,222,0.44,2937.7,0.36
10456,Condesa,264,0.94,7464.33,0.75
10457,Del Valle,153,0.44,2024.63,0.35
10458,Narvarte,190,0.2,1140,0.2
10459,Condesa,209,0.48,2988.99,0.38
10460,Condesa,138,0.14,578.47,0.18
10461,Polanco,126,0.58,2195.51,0.42
10462,Coyoacan,220,0.11,723.29,0.13
10463,Del Valle,215,0.48,3074.79,0.38
10464,Roma Norte,204,0.89,5466.08,0.66
10465,Centro Historico,221,0.75,4940.71,0.57
10466,Juarez,209,0.52,3263.84,0.41
10467,Narvarte,256,0.2,1514.96,0.18
10468,Roma Norte,267,0.21,1645.89,0.18
10469,Coyoacan,196,0.71,4188.49,0.54
10470,Centro Historico,168,0.25,1242.74,0.24
10471,Coyoacan,258,0.16,1229.92,0.15
10472,Narvarte,187,0.16,922.19,0.18
10473,Condesa,67,0.36,721.4,0.31
10474,Centro Historico,89,0.06,168.25,0.17
10475,Condesa,41,0.86,1058.14,0.5
10476,Narvarte,278,0.15,1211.01,0.13
10477,Roma Norte,160,0.3,1446.58,0.27
10478,Narvarte,46,0.41,559.56,0.33
10479,Roma Norte,50,0.33,489.04,0.3
10480,Centro Historico,242,0.92,6643.4,0.71
10481,Centro Historico,77,0.47,1082.22,0.36
10482,Del Valle,169,0.31,1583.51,0.28
10483,Coyoacan,262,0.2,1572,0.18
10484,Del Valle,145,0.86,3754.11,0.59
10485,Coyoacan,194,0.05,318.9,0.11
10486,Del Valle,298,0.53,4751.67,0.44
10487,Condesa,259,0.54,4172.38,0.44
10488,Centro Historico,251,0.73,5508.25,0.58
10489,Roma Norte,79,0.09,220.77,0.19
10490,Coyoacan,248,0.94,7011.95,0.74
10491,Narvarte,93,0.78,2163.21,0.5
10492,Coyoacan,166,0.77,3820.27,0.55
10493,Roma Norte,138,0.03,113.42,0.12
10494,Del Valle,229,0.42,2917.4,0.35
10495,Coyoacan,191,0.95,5431.73,0.68
10496,Juarez,132,0.01,43.4,0.12
10497,Condesa,260,0.36,2778.08,0.3
10498,Centro Historico,239,0.49,3535.89,0.4
10499,Roma Norte,113,0.22,743.01,0.24
10500,Centro Historico,158,0.87,4116.66,0.6
10501,Juarez,252,0.81,6130.85,0.64
10502,Coyoacan,38,0.79,905.75,0.47
10503,Coyoacan,124,0.1,356.71,0.17
10504,Narvarte,138,0.64,2631.45,0.46
10505,Juarez,153,0.53,2414.47,0.4
10506,Roma Norte,167,0.54,2704.03,0.41
10507,Narvarte,130,0.82,3194.79,0.55
10508,Condesa,177,0.76,4044.33,0.55
10509,Narvarte,62,0.44,825.53,0.34
10510,Polanco,267,0.19,1558.11,0.17
10511,Roma Norte,51,0.93,1429.4,0.54
10512,Polanco,93,0.94,2629.48,0.58
10513,Juarez,124,0.7,2598.9,0.49
10514,Del Valle,233,0.55,3830.14,0.44
10515,Polanco,60,0.04,78.9,0.18
10516,Condesa,59,0.63,1120.19,0.42
10517,Narvarte,215,0.21,1343.01,0.2
10518,Del Valle,102,0.67,2062.36,0.46
10519,Narvarte,83,0.06,150.08,0.17
10520,Polanco,209,0.58,3607.4,0.45
10521,Narvarte,86,0.38,989.59,0.32
10522,Juarez,136,0.53,2168.55,0.4
10523,Del Valle,250,0.62,4684.93,0.5
10524,Juarez,222,0.12,766.36,0.13
10525,Polanco,91,0.07,179.51,0.17
10526,Juarez,81,0.56,1371.45,0.4
10527,Condesa,193,0.88,5076.16,0.64
10528,Polanco,208,0.5,3128.55,0.4
10529,Polanco,276,0.92,7576.77,0.74
10530,Polanco,275,0.41,3390.41,0.34
10531,Roma Norte,39,0.63,734.05,0.41
10532,Narvarte,118,0.05,193.97,0.15
10533,Roma Norte,282,0.38,3221.75,0.32
10534,Roma Norte,88,0.71,1880.55,0.47
10535,Condesa,195,0.53,3077.26,0.41
10536,Del Valle,260,0.57,4444.93,0.46
10537,Narvarte,49,0.93,1361.26,0.53
10538,Juarez,258,0.17,1314.74,0.16
10539,Coyoacan,95,0.44,1257.12,0.35
10540,Polanco,156,0.56,2628.49,0.42
10541,Juarez,80,0.64,1532.05,0.43
10542,Polanco,96,0.46,1333.48,0.36
10543,Condesa,120,0.57,2041.64,0.42
10544,Polanco,244,0.69,5053.81,0.55
10545,Roma Norte,112,0.31,1040.22,0.28
10546,Narvarte,236,0.34,2424.66,0.29
10547,Coyoacan,257,0.41,3168.49,0.34
10548,Centro Historico,256,0.43,3324.49,0.36
10549,Polanco,37,0.05,57.78,0.19
10550,Juarez,40,0.74,884.38,0.45
10551,Roma Norte,127,0.59,2233.81,0.43
10552,Centro Historico,42,0.11,134.63,0.21
10553,Coyoacan,269,0.43,3471.21,0.36
10554,Centro Historico,142,0.85,3618.08,0.58
10555,Roma Norte,195,0.19,1089.86,0.19
10556,Narvarte,243,0.93,6810.66,0.73
10557,Narvarte,274,0.85,7026.41,0.69
10558,Del Valle,84,0.51,1291.07,0.38
10559,Narvarte,45,0.13,170.14,0.22
10560,Del Valle,190,0.85,4872.33,0.62
10561,Centro Historico,104,0.71,2205.37,0.48
10562,Condesa,203,0.26,1585.07,0.24
10563,Juarez,102,0.68,2070.74,0.46
10564,Juarez,286,0.2,1716,0.17
10565,Centro Historico,82,0.04,87.62,0.16
10566,Polanco,218,0.69,4515.29,0.53
10567,Polanco,221,0.27,1816.44,0.24
10568,Narvarte,124,0.41,1528.77,0.33
10569,Juarez,173,0.06,298.6,0.12
10570,Juarez,123,0.86,3164.3,0.57
10571,Del Valle,53,0.01,13.07,0.17
10572,Condesa,188,0.3,1715.18,0.27
10573,Roma Norte,294,0.19,1667.34,0.16
10574,Polanco,142,0,11.67,0.11
10575,Juarez,93,0.23,634.44,0.25
10576,Del Valle,159,0.75,3567.7,0.53
10577,Coyoacan,141,0.67,2850.9,0.48
10578,Del Valle,279,0.45,3806.63,0.38
10579,Polanco,281,0.19,1570.52,0.16
10580,Polanco,42,0.29,362.47,0.28
10581,Del Valle,175,0.39,2071.23,0.33
10582,Roma Norte,42,0.18,224.38,0.24
10583,Centro Historico,128,0.61,2346.08,0.44
10584,Polanco,73,0.42,930,0.34
10585,Del Valle,115,0.19,671.1,0.22
10586,Juarez,221,0.08,544.93,0.11
10587,Del Valle,118,0.72,2531.34,0.49
10588,Condesa,122,0.21,782.14,0.23
10589,Centro Historico,276,0.08,703.23,0.08
10590,Coyoacan,127,0.38,1430.05,0.32
10591,Roma Norte,120,0.73,2633.42,0.5
10592,Narvarte,78,0.78,1820.71,0.5
10593,Coyoacan,171,0.3,1531.97,0.27
10594,Centro Historico,108,0.62,2015.01,0.44
10595,Centro Historico,70,0.39,828.49,0.32
10596,Centro Historico,135,0.04,144.25,0.13
10597,Coyoacan,190,0.71,4060.27,0.53
10598,Juarez,289,0.77,6674.71,0.64
10599,Centro Historico,205,0.83,5088.49,0.62
10600,Del Valle,250,0.03,246.58,0.06
10601,Coyoacan,204,0.83,5063.67,0.62
10602,Narvarte,286,0.38,3243.95,0.32
10603,Centro Historico,89,0.93,2487.12,0.57
10604,Del Valle,125,0.7,2640.41,0.49
10605,Juarez,135,0.92,3728.22,0.61
10606,Condesa,189,0.85,4815.62,0.62
10607,Juarez,175,0.45,2344.52,0.36
10608,Narvarte,207,0.82,5070.08,0.61
10609,Centro Historico,44,0.67,886.03,0.43
10610,Narvarte,262,0.62,4888.27,0.5
10611,Coyoacan,299,0.05,466.93,0.04
10612,Polanco,282,0.44,3754.85,0.37
10613,Centro Historico,281,0.04,369.53,0.05
10614,Polanco,189,0.08,466.03,0.13
10615,Del Valle,68,0.95,1944.99,0.56
10616,Condesa,163,0.9,4380.9,0.63
10617,Roma Norte,194,0.67,3890.63,0.51
10618,Narvarte,123,0.53,1971.37,0.4
10619,Juarez,127,0.62,2348.63,0.44
10620,Condesa,275,0.46,3797.26,0.38
10621,Centro Historico,151,0.53,2395.32,0.4
10622,Polanco,128,0.44,1672.77,0.35
10623,Juarez,197,0.42,2461.15,0.34
10624,Polanco,133,0.39,1574.14,0.33
10625,Coyoacan,147,0.68,2984.3,0.49
10626,Polanco,125,0.22,821.92,0.23
10627,Coyoacan,240,0.78,5582.47,0.61
10628,Del Valle,51,0.52,792.25,0.37
10629,Juarez,207,0.26,1633.32,0.24
10630,Juarez,150,0.31,1393.15,0.28
10631,Roma Norte,215,0.22,1431.37,0.21
10632,Centro Historico,125,0.7,2609.59,0.48
10633,Coyoacan,116,0.5,1744.77,0.38
10634,Roma Norte,148,0.51,2250.41,0.39
10635,Polanco,291,0.59,5142.33,0.49
10636,Polanco,92,0.46,1270.36,0.36
10637,Roma Norte,188,0.74,4172.05,0.55
10638,Juarez,150,0.83,3747.95,0.58
10639,Polanco,237,0.67,4772.47,0.53
10640,Narvarte,75,0.04,86.3,0.17
10641,Del Valle,139,0.86,3575.92,0.58
10642,Del Valle,227,0.4,2705.34,0.33
10643,Narvarte,271,0.43,3474.74,0.36
10644,Roma Norte,255,0.16,1215.62,0.15
10645,Narvarte,102,0.03,83.84,0.15
10646,Coyoacan,231,0.32,2202.41,0.27
10647,Coyoacan,290,0.66,5744.38,0.55
10648,Roma Norte,173,0.9,4692.33,0.64
10649,Narvarte,183,0.16,857.34,0.18
10650,Coyoacan,133,0.76,3049.89,0.53
10651,Juarez,110,0.6,1980,0.43
10652,Narvarte,143,0.92,3949.15,0.62
10653,Juarez,222,0.4,2645.75,0.33
10654,Coyoacan,233,0.32,2221.48,0.27
10655,Del Valle,188,0.87,4898.3,0.63
10656,Coyoacan,74,0.24,535.23,0.26
10657,Juarez,167,0.41,2045.18,0.33
10658,Condesa,166,0.24,1214.3,0.24
10659,Centro Historico,118,0.55,1959.12,0.41
10660,Polanco,276,0.86,7123.07,0.7
10661,Narvarte,150,0.95,4253.42,0.64
10662,Condesa,143,0.17,728.71,0.2
10663,Coyoacan,255,0.71,5407.4,0.57
10664,Del Valle,75,0.22,499.32,0.25
10665,Roma Norte,181,0.35,1874.47,0.3
10666,Coyoacan,146,0.37,1632,0.31
10667,Del Valle,137,0.8,3276.74,0.55
10668,Centro Historico,80,0,6.58,0.15
10669,Coyoacan,229,0.34,2333.92,0.29
10670,Juarez,74,0.08,170.3,0.18
10671,Roma Norte,223,0.83,5571.95,0.64
10672,Del Valle,198,0.25,1513.48,0.24
10673,Del Valle,58,0.24,424.27,0.26
10674,Del Valle,58,0.11,185.92,0.21
10675,Centro Historico,38,0.09,99.95,0.21
10676,Coyoacan,215,0.55,3569.59,0.44
10677,Centro Historico,282,0.59,5006.47,0.49
10678,Narvarte,150,0.84,3760.27,0.58
10679,Polanco,103,0.65,2023.32,0.45
10680,Polanco,288,0.85,7338.08,0.7
10681,Narvarte,215,0.13,830.55,0.14
10682,Coyoacan,203,0.73,4471.56,0.55
10683,Juarez,283,0.41,3442.52,0.34
10684,Centro Historico,222,0.24,1587.45,0.22
10685,Roma Norte,88,0.73,1931.18,0.48
10686,Del Valle,172,0.65,3364.6,0.48
10687,Del Valle,202,0.83,5014.03,0.62
10688,Coyoacan,137,0.66,2702.47,0.47
10689,Juarez,119,0.65,2327.84,0.46
10690,Polanco,246,0.26,1941.04,0.23
10691,Polanco,37,0.77,854.55,0.46
10692,Del Valle,213,0.14,892.85,0.15
10693,Coyoacan,72,0.96,2065.32,0.57
10694,Centro Historico,273,0.64,5250.58,0.52
10695,Polanco,203,0.95,5756.3,0.7
10696,Centro Historico,64,0.02,42.08,0.17
10697,Juarez,224,0.39,2595.95,0.32
10698,Polanco,59,0.21,373.4,0.25
10699,Polanco,146,0.9,3936,0.61
10700,Condesa,240,0.33,2386.85,0.28
10701,Polanco,219,0.12,774,0.14
10702,Narvarte,81,0.9,2196.99,0.55
10703,Roma Norte,262,0.83,6503.34,0.66
10704,Narvarte,73,0.9,1962,0.54
10705,Coyoacan,50,0.01,12.33,0.17
10706,Coyoacan,56,0.53,883.73,0.38
10707,Centro Historico,247,0.24,1745.92,0.21
10708,Narvarte,183,0.06,330.9,0.12
10709,Narvarte,275,0.88,7255.48,0.72
10710,Narvarte,93,0.19,535.07,0.23
10711,Juarez,236,0.02,155.18,0.06
10712,Polanco,66,0.23,450.25,0.25
10713,Roma Norte,196,0.41,2384.22,0.33
10714,Centro Historico,289,0.32,2802.9,0.27
10715,Narvarte,288,0.72,6225.53,0.6
10716,Narvarte,43,0.5,646.77,0.36
10717,Condesa,173,0.76,3938.71,0.55
10718,Centro Historico,44,0.67,889.64,0.43
10719,Narvarte,248,0.38,2833.32,0.32
10720,Centro Historico,82,0.68,1684.93,0.46
10721,Polanco,145,0.85,3682.6,0.58
10722,Condesa,187,0.48,2689.73,0.38
10723,Centro Historico,157,0.8,3768,0.56
10724,Roma Norte,136,0.3,1229.59,0.27
10725,Roma Norte,275,0.31,2531.51,0.26
10726,Coyoacan,225,0.1,665.75,0.12
10727,Condesa,251,0.74,5549.51,0.59
10728,Condesa,85,0.38,971.1,0.32
10729,Coyoacan,115,0.96,3298.77,0.61
10730,Centro Historico,122,0.21,782.14,0.23
10731,Condesa,228,0.05,356.05,0.08
10732,Roma Norte,138,0.4,1656,0.33
10733,Roma Norte,130,0.51,1998.08,0.39
10734,Narvarte,232,0.07,495.78,0.1
10735,Polanco,35,0.6,627.12,0.4
10736,Condesa,201,0.14,826.03,0.16
10737,Centro Historico,160,0.35,1656.99,0.3
10738,Coyoacan,115,0.13,453.7,0.19
10739,Coyoacan,285,0.53,4567.81,0.44
10740,Centro Historico,203,0.97,5923.15,0.71
10741,Juarez,107,0.33,1055.34,0.29
10742,Del Valle,175,0.46,2416.44,0.37
10743,Polanco,104,0.96,3008.88,0.61
10744,Coyoacan,296,0.61,5449.64,0.51
10745,Condesa,279,0.38,3164.55,0.32
10746,Polanco,37,0.26,291.95,0.27
10747,Condesa,97,0.97,2830.27,0.6
10748,Juarez,83,0.78,1944.25,0.5
10749,Roma Norte,110,0.49,1609.32,0.37
10750,Polanco,209,0.46,2868.74,0.37
10751,Narvarte,143,0.18,763.97,0.2
10752,Coyoacan,217,0.95,6206.79,0.71
10753,Polanco,226,0.28,1913.26,0.25
10754,Polanco,99,0.18,520.77,0.22
10755,Polanco,134,0.31,1233.53,0.28
10756,Del Valle,66,0.64,1263.95,0.43
10757,Polanco,162,0.16,758.96,0.18
10758,Condesa,77,0.2,462,0.24
10759,Roma Norte,112,0.89,2982.58,0.57
10760,Juarez,196,0.06,354.41,0.11
10761,Centro Historico,223,0.58,3849.04,0.46
10762,Polanco,281,0.55,4619.18,0.45
10763,Coyoacan,250,0.93,6986.3,0.73
10764,Polanco,202,0,16.6,0.07
10765,Coyoacan,227,0.85,5765.18,0.65
10766,Condesa,47,0.29,405.62,0.28
10767,Coyoacan,274,0.46,3805.97,0.38
10768,Narvarte,181,0.89,4834.93,0.64
10769,Centro Historico,238,0.26,1877.92,0.23
10770,Roma Norte,114,0.93,3176.38,0.6
10771,Coyoacan,77,0.87,2006.22,0.53
10772,Coyoacan,123,0.14,525.7,0.19
10773,Roma Norte,182,0.87,4741.97,0.63
10774,Centro Historico,129,0.61,2375.01,0.44
10775,Polanco,185,0.89,4956.99,0.64
10776,Coyoacan,36,0.54,585.86,0.38
10777,Roma Norte,56,0.21,359.01,0.25
10778,Narvarte,41,0.42,515.59,0.33
10779,Narvarte,240,0.79,5720.55,0.62
10780,Condesa,148,0.68,3016.77,0.49
10781,Roma Norte,117,0.24,846.25,0.25
10782,Condesa,213,0.37,2345.92,0.31
10783,Narvarte,244,0.18,1283.51,0.17
10784,Centro Historico,158,0.93,4389.37,0.64
10785,Polanco,147,0.73,3213.86,0.52
10786,Roma Norte,46,0.48,661.64,0.36
10787,Juarez,160,0.28,1328.22,0.26
10788,Narvarte,87,0.28,736.52,0.27
10789,Narvarte,174,0.27,1415.84,0.25
10790,Juarez,131,0.03,107.67,0.13
10791,Del Valle,39,0.74,862.27,0.45
10792,Narvarte,91,0.73,1989.53,0.48
10793,Coyoacan,103,0.33,1007.42,0.29
10794,Centro Historico,152,0.78,3573.04,0.55
10795,Roma Norte,93,0.85,2384.88,0.54
10796,Juarez,67,0.43,859.07,0.34
10797,Coyoacan,84,0.56,1408.44,0.4
10798,Juarez,53,0.74,1176.16,0.46
10799,Roma Norte,248,0.92,6869.26,0.72
10800,Condesa,231,0.7,4841.51,0.55
10801,Roma Norte,81,0.72,1737.62,0.47
10802,Del Valle,201,0.28,1685.1,0.25
10803,Roma Norte,175,0.89,4689.04,0.63
10804,Roma Norte,118,0.29,1037.75,0.27
10805,Del Valle,216,0.88,5734.36,0.67
10806,Centro Historico,113,0.35,1179.53,0.3
10807,Narvarte,249,0.94,7040.22,0.74
10808,Roma Norte,48,0.65,938.96,0.42
10809,Del Valle,249,0.02,122.79,0.05
10810,Coyoacan,162,0.55,2676.33,0.42
10811,Condesa,282,0.3,2549.59,0.25
10812,Condesa,63,0.07,124.27,0.19
10813,Roma Norte,236,0.3,2114.3,0.26
10814,Centro Historico,91,0.9,2445.78,0.56
10815,Centro Historico,252,0.53,4038.9,0.43
10816,Coyoacan,96,0.33,954.74,0.29
10817,Roma Norte,191,0.45,2605.97,0.37
10818,Condesa,236,0.65,4635.95,0.52
10819,Centro Historico,51,0.23,356.3,0.26
10820,Roma Norte,40,0.27,322.19,0.28
10821,Juarez,92,0.48,1330.85,0.37
10822,Centro Historico,203,0.5,3070.03,0.4
10823,Del Valle,116,0.22,781.81,0.24
10824,Juarez,253,0.27,2017.07,0.23
10825,Narvarte,211,0.61,3832.68,0.47
10826,Centro Historico,238,0.51,3618.9,0.41
10827,Condesa,105,0.4,1260,0.33
10828,Polanco,132,0.33,1301.92,0.29
10829,Juarez,242,0.47,3381.37,0.38
10830,Narvarte,36,0.72,772.27,0.44
10831,Coyoacan,158,0.95,4480.27,0.65
10832,Coyoacan,108,0.79,2556.49,0.52
10833,Condesa,200,0.4,2400,0.33
10834,Centro Historico,56,0.44,736.44,0.34
10835,Roma Norte,188,0.71,3986.63,0.53
10836,Centro Historico,253,0.72,5468.96,0.58
10837,Condesa,191,0.92,5243.34,0.66
10838,Coyoacan,264,0.5,3992.55,0.41
10839,Centro Historico,54,0.61,985.32,0.41
10840,Coyoacan,75,0.91,2040.41,0.55
10841,Juarez,182,0.47,2557.97,0.37
10842,Narvarte,142,0.74,3162.9,0.52
10843,Roma Norte,118,0.82,2919.29,0.55
10844,Juarez,168,0.29,1449.86,0.26
10845,Coyoacan,241,0.58,4199.34,0.47
10846,Coyoacan,107,0.01,43.97,0.14
10847,Polanco,82,0.52,1273.81,0.38
10848,Polanco,267,0.36,2896.77,0.3
10849,Juarez,134,0.37,1497.86,0.31
10850,Del Valle,93,0.48,1352.96,0.37
10851,Juarez,292,0.65,5688,0.54
10852,Polanco,99,0.25,740.47,0.25
10853,Coyoacan,117,0.56,1980.99,0.41
10854,Condesa,188,0.39,2178.74,0.32
10855,Juarez,113,0.44,1476.74,0.35
10856,Coyoacan,184,0.86,4748.71,0.62
10857,Condesa,82,0.83,2042.14,0.52
10858,Condesa,282,0.07,602.63,0.07
10859,Polanco,132,0.29,1139.18,0.27
10860,Juarez,59,0.17,295.81,0.23
10861,Centro Historico,102,0.23,712.6,0.25
10862,Roma Norte,41,0.64,785.18,0.42
10863,Polanco,171,0.05,238.93,0.11
10864,Polanco,198,0.25,1464.66,0.23
10865,Centro Historico,117,0.02,76.93,0.13
10866,Roma Norte,172,0.9,4622.79,0.63
10867,Coyoacan,107,0.88,2823.04,0.57
10868,Del Valle,271,0.96,7795.89,0.77
10869,Juarez,80,0.67,1610.96,0.45
10870,Del Valle,140,0.17,713.42,0.2
10871,Coyoacan,296,0.76,6787.73,0.64
10872,Narvarte,210,0.02,120.82,0.07
10873,Polanco,200,0.57,3435.62,0.45
10874,Roma Norte,179,0.79,4251.86,0.58
10875,Polanco,88,0.95,2517.04,0.58
10876,Condesa,212,0.64,4077.37,0.5
10877,Polanco,278,0.04,365.59,0.05
10878,Polanco,161,0.5,2395.15,0.39
10879,Coyoacan,166,0.48,2414.96,0.38
10880,Coyoacan,127,0.74,2828.79,0.51
10881,Coyoacan,107,0.85,2735.1,0.55
10882,Del Valle,282,0.6,5099.18,0.5
10883,Condesa,77,0.04,82.27,0.16
10884,Narvarte,75,0.93,2095.89,0.56
10885,Narvarte,204,0.06,385.64,0.11
10886,Coyoacan,246,0.44,3255.29,0.36
10887,Roma Norte,202,0.95,5761.15,0.7
10888,Del Valle,73,0.11,240,0.2
10889,Centro Historico,279,0.06,504.49,0.06
10890,Roma Norte,185,0.06,349.73,0.12
10891,Juarez,145,0.08,345.62,0.15
10892,Juarez,81,0.93,2270.22,0.57
10893,Roma Norte,97,0.08,231.21,0.17
10894,Coyoacan,259,0.7,5407.07,0.56
10895,Centro Historico,103,0.36,1100.55,0.31
10896,Centro Historico,237,0.21,1519.4,0.2
10897,Del Valle,95,0.67,1897.4,0.45
10898,Centro Historico,195,0.97,5689.73,0.7
10899,Juarez,50,0.25,369.86,0.26
10900,Condesa,128,0.41,1557.04,0.33
10901,Coyoacan,172,0.67,3477.7,0.5
10902,Centro Historico,72,0.43,923.18,0.34
10903,Del Valle,161,0.14,661.64,0.17
10904,Juarez,198,0.94,5598.25,0.69
10905,Condesa,111,0.03,100.36,0.14
10906,Polanco,208,0.46,2872.11,0.37
10907,Polanco,125,0.55,2075.34,0.41
10908,Condesa,272,0.06,491.84,0.07
10909,Juarez,298,0.21,1885.97,0.18
10910,Del Valle,213,0.51,3238.77,0.4
10911,Condesa,243,0.61,4433.92,0.49
10912,Coyoacan,107,0.91,2910.99,0.58
10913,Coyoacan,141,0.93,3917.1,0.62
10914,Polanco,216,0.45,2947.07,0.37
10915,Centro Historico,71,0.59,1254.66,0.41
10916,Del Valle,171,0.86,4399.15,0.61
10917,Polanco,90,0.06,162.74,0.17
10918,Centro Historico,221,0.2,1307.84,0.19
10919,Centro Historico,292,0.58,5040,0.48
10920,Narvarte,92,0.11,310.03,0.19
10921,Coyoacan,157,0.1,477.45,0.15
10922,Juarez,222,0.72,4817.1,0.56
10923,Roma Norte,264,0.48,3840.66,0.4
10924,Juarez,202,0.82,4980.82,0.61
10925,Roma Norte,148,0.55,2445.04,0.41
10926,Condesa,286,0.54,4607.34,0.45
10927,Coyoacan,141,0.67,2839.32,0.48
10928,Centro Historico,71,0.6,1278,0.41
10929,Del Valle,126,0.34,1284.16,0.3
10930,Roma Norte,52,0.37,581.26,0.31
10931,Juarez,97,0.79,2296.11,0.51
10932,Centro Historico,184,0.15,816.66,0.17
10933,Roma Norte,173,0.29,1521.45,0.26
10934,Roma Norte,220,0.09,596.71,0.12
10935,Narvarte,219,0.96,6300,0.72
10936,Roma Norte,239,0.21,1492.93,0.19
10937,Del Valle,294,0.72,6331.07,0.6
10938,Coyoacan,248,0.24,1773.37,0.21
10939,Del Valle,290,0.44,3789.86,0.36
10940,Polanco,169,0.91,4597.73,0.64
10941,Centro Historico,95,0.57,1624.11,0.41
10942,Coyoacan,122,0.65,2386.52,0.46
10943,Narvarte,241,0.05,356.55,0.08
10944,Coyoacan,163,0.05,241.15,0.12
10945,Coyoacan,37,0.79,881.92,0.47
10946,Juarez,276,0.15,1247.67,0.14
10947,Coyoacan,155,0.5,2305.89,0.39
10948,Narvarte,136,0.1,413.59,0.16
10949,Del Valle,72,0.77,1656.99,0.49
10950,Coyoacan,167,0.66,3321.7,0.49
10951,Condesa,236,0.67,4752.33,0.53
10952,Centro Historico,55,0.29,483.7,0.28
10953,Coyoacan,276,0.42,3470.79,0.35
10954,Centro Historico,143,0.57,2456.47,0.43
10955,Condesa,118,0.88,3113.26,0.58
10956,Condesa,117,0.13,451.97,0.19
10957,Centro Historico,103,0.9,2793.7,0.57
10958,Roma Norte,163,0.32,1580.88,0.28
10959,Polanco,230,0.94,6465.21,0.72
10960,Juarez,174,0.85,4447.73,0.61
10961,Roma Norte,268,0.38,3083.84,0.32
10962,Roma Norte,57,0.34,576.25,0.3
10963,Del Valle,187,0.45,2505.29,0.36
10964,Juarez,95,0.84,2381.51,0.53
10965,Juarez,86,0.39,1003.73,0.32
10966,Roma Norte,187,0.56,3150.82,0.43
10967,Coyoacan,271,0.22,1804.19,0.19
10968,Del Valle,66,0.05,97.64,0.18
10969,Del Valle,89,0.77,2048.22,0.5
10970,Condesa,70,0.37,782.47,0.31
10971,Narvarte,144,0.02,94.68,0.12
10972,Juarez,211,0.46,2930.88,0.37
10973,Roma Norte,131,0.18,721.4,0.21
10974,Condesa,247,0.9,6658.85,0.7
10975,Centro Historico,171,0.48,2473.64,0.38
10976,Polanco,40,0.28,338.63,0.28
10977,Narvarte,143,0.63,2703.29,0.46
10978,Narvarte,69,0.49,1015.15,0.36
10979,Narvarte,73,0.87,1914,0.53
10980,Del Valle,184,0.7,3886.68,0.52
10981,Centro Historico,152,0.71,3223.23,0.51
10982,Narvarte,295,0.63,5552.47,0.52
10983,Centro Historico,121,0.52,1869.7,0.39
10984,Coyoacan,110,0.76,2495.34,0.51
10985,Narvarte,248,0.17,1263.78,0.16
10986,Polanco,273,0.06,516.08,0.07
10987,Centro Historico,199,0.63,3761.92,0.48
10988,Centro Historico,121,0.04,129.29,0.14
10989,Polanco,175,0.13,661.64,0.16
10990,Narvarte,194,0.56,3284.71,0.44
10991,Polanco,80,0.93,2235.62,0.57
10992,Centro Historico,146,0.9,3936,0.61
10993,Polanco,79,0.5,1188.25,0.37
10994,Centro Historico,281,0.85,7159.73,0.7
10995,Centro Historico,138,0.08,317.59,0.15
10996,Coyoacan,119,0.33,1173.7,0.29
10997,Roma Norte,168,0.39,1960.77,0.32
10998,Centro Historico,142,0.74,3162.9,0.52
10999,Narvarte,52,0.2,316.27,0.25
11000,Condesa,128,0.34,1304.55,0.3
11001,Del Valle,184,0.74,4098.41,0.55
11002,Juarez,280,0.8,6696.99,0.65
11003,Roma Norte,243,0.61,4433.92,0.49
11004,Roma Norte,160,0.56,2695.89,0.43
11005,Roma Norte,269,0.66,5328.41,0.54
11006,Coyoacan,156,0.8,3744,0.56
11007,Centro Historico,172,0.04,183.78,0.11
11008,Coyoacan,149,0.01,48.99,0.11
11009,Centro Historico,196,0.54,3189.7,0.42
11010,Narvarte,235,0.76,5388.9,0.6
11011,Coyoacan,268,0.58,4625.75,0.47
11012,Coyoacan,62,0.04,66.25,0.17
11013,Del Valle,45,0.36,484.52,0.31
11014,Condesa,240,0.12,848.22,0.13
11015,Coyoacan,201,0.69,4179.7,0.53
11016,Del Valle,281,0.02,207.86,0.03
11017,Polanco,81,0.15,366.16,0.21
11018,Condesa,280,0.73,6167.67,0.6
11019,Narvarte,161,0.15,701.34,0.18
11020,Coyoacan,181,0.52,2796.82,0.4
11021,Juarez,152,0.51,2323.73,0.39
11022,Roma Norte,186,0.61,3378.58,0.46
11023,Polanco,106,0.84,2665.97,0.54
11024,Polanco,171,0.04,224.88,0.11
11025,Narvarte,209,0.02,154.6,0.08
11026,Del Valle,53,0.61,967.07,0.41
11027,Polanco,229,0.02,169.4,0.06
11028,Condesa,209,0.6,3762,0.47
11029,Coyoacan,175,0.3,1596.58,0.27
11030,Coyoacan,280,0.68,5684.38,0.56
11031,Juarez,127,0.12,448.85,0.18
11032,Narvarte,273,0.19,1548.25,0.17
11033,Roma Norte,239,0.92,6580.68,0.71
11034,Del Valle,82,0.73,1792.77,0.48
11035,Roma Norte,279,0.16,1375.89,0.15
11036,Polanco,162,0.67,3248.88,0.49
11037,Narvarte,51,0.15,230.55,0.23
11038,Juarez,105,0.76,2407.81,0.51
11039,Roma Norte,41,0.49,603.21,0.36
11040,Condesa,137,0.04,146.38,0.13
11041,Coyoacan,227,0.57,3880.77,0.45
11042,Polanco,275,0.7,5763.7,0.57
11043,Juarez,96,0.3,867.95,0.28
11044,Roma Norte,51,0.65,1001.84,0.43
11045,Del Valle,205,0.72,4448.22,0.55
11046,Condesa,59,0.9,1590.58,0.53
11047,Condesa,285,0.91,7753.56,0.75
11048,Roma Norte,287,0.82,7029.53,0.67
11049,Coyoacan,241,0.16,1168.68,0.16
11050,Roma Norte,63,0.61,1149.53,0.41
11051,Polanco,151,0.07,310.27,0.14
11052,Roma Norte,178,0.29,1565.42,0.26
11053,Condesa,59,0.87,1542.08,0.52
11054,Juarez,190,0.77,4388.22,0.57
11055,Roma Norte,107,0.59,1882.03,0.42
11056,Coyoacan,154,0.09,430.36,0.15
11057,Narvarte,127,0.52,1962.41,0.39
11058,Juarez,120,0.27,956.71,0.26
11059,Del Valle,152,0,12.49,0.1
11060,Centro Historico,267,0.36,2874.82,0.3
11061,Roma Norte,233,0.56,3906.74,0.45
11062,Coyoacan,240,0.92,6647.67,0.72
11063,Juarez,181,0.58,3124.11,0.44
11064,Coyoacan,173,0.32,1635.21,0.28
11065,Del Valle,215,0.03,212.05,0.08
11066,Condesa,64,0.33,625.97,0.29
11067,Coyoacan,91,0.88,2400.9,0.55
11068,Juarez,266,0.45,3629.26,0.38
11069,Coyoacan,180,0.97,5252.05,0.69
11070,Coyoacan,82,0.56,1368.16,0.4
11071,Coyoacan,228,0.63,4310.14,0.5
11072,Polanco,258,0.03,233.26,0.05
11073,Polanco,170,0.36,1816.44,0.3
11074,Condesa,56,0.37,621.37,0.31
11075,Roma Norte,40,0.4,476.71,0.32
11076,Coyoacan,238,0.91,6474.9,0.7
11077,Del Valle,273,0.93,7629.04,0.75
11078,Roma Norte,219,0.48,3132,0.39
11079,Del Valle,254,0.07,563.67,0.09
11080,Roma Norte,150,0.62,2798.63,0.46
11081,Condesa,83,0.86,2142.08,0.54
11082,Coyoacan,207,0.05,340.27,0.1
11083,Coyoacan,116,0.33,1144.11,0.29
11084,Centro Historico,79,0.88,2090.79,0.54
11085,Del Valle,54,0.03,48.82,0.18
11086,Roma Norte,255,0.85,6518.22,0.68
11087,Roma Norte,157,0.61,2864.71,0.45
11088,Narvarte,268,0.92,7379.18,0.74
11089,Narvarte,255,0.64,4904.38,0.52
11090,Polanco,37,0.78,869.75,0.47
11091,Centro Historico,216,0.01,71.01,0.06
11092,Juarez,240,0.84,6075.62,0.66
11093,Narvarte,74,0.87,1928.05,0.53
11094,Juarez,93,0.19,527.42,0.23
11095,Polanco,96,0.95,2730.08,0.59
11096,Polanco,166,0.89,4447.89,0.63
11097,Polanco,94,0.31,865.32,0.28
11098,Del Valle,156,0.22,1051.4,0.23
11099,Del Valle,141,0.73,3105.86,0.52
11100,Condesa,130,0.31,1196.71,0.28
11101,Condesa,269,0.07,596.96,0.08
11102,Polanco,96,0.93,2690.63,0.58
11103,Centro Historico,290,0.96,8390.14,0.8
11104,Roma Norte,83,0.45,1125.62,0.35
11105,Del Valle,193,0.52,2982.25,0.41
11106,Centro Historico,158,0.95,4506.25,0.65
11107,Coyoacan,241,0.68,4892.63,0.54
11108,Del Valle,82,0.6,1476,0.42
11109,Del Valle,170,0.55,2822.47,0.42
11110,Condesa,235,0.4,2839.32,0.33
11111,Roma Norte,284,0.23,1960.77,0.2
11112,Roma Norte,243,0.58,4254.16,0.47
11113,Narvarte,245,0.7,5175.21,0.56
11114,Juarez,226,0.13,891.62,0.14
11115,Juarez,78,0.79,1839.95,0.5
11116,Juarez,63,0.3,564.41,0.28
11117,Juarez,93,0.26,726.16,0.26
11118,Coyoacan,105,0.22,690.41,0.24
11119,Coyoacan,126,0.76,2868.66,0.52
11120,Del Valle,299,0.58,5160.82,0.48
11121,Polanco,254,0.67,5114.79,0.54
11122,Condesa,249,0.27,2005.64,0.23
11123,Condesa,98,0.72,2118.41,0.48
11124,Juarez,279,0.94,7865.51,0.77
11125,Del Valle,96,0.26,757.48,0.26
11126,Narvarte,204,0.68,4141.48,0.52
11127,Centro Historico,88,0.07,188.05,0.17
11128,Polanco,50,0.46,686.3,0.35
11129,Del Valle,42,0.72,900.99,0.45
11130,Polanco,138,0.69,2846.96,0.49
11131,Polanco,93,0.95,2660.05,0.59
11132,Polanco,74,0.79,1757.75,0.5
11133,Del Valle,271,0.45,3675.21,0.37
11134,Juarez,128,0.27,1052.05,0.26
11135,Condesa,256,0.95,7301.26,0.75
11136,Condesa,238,0.65,4675.23,0.52
11137,Juarez,172,0.24,1258.19,0.23
11138,Polanco,241,0.7,5090.71,0.56
11139,Centro Historico,115,0.16,548.22,0.2
11140,Roma Norte,252,0.53,3976.77,0.43
11141,Del Valle,36,0.59,636.16,0.4
11142,Roma Norte,212,0.24,1533.37,0.22
11143,Narvarte,180,0.87,4719.45,0.63
11144,Juarez,258,0.77,5979.95,0.62
11145,Centro Historico,96,0.78,2232.99,0.51
11146,Del Valle,273,0.13,1077.04,0.12
11147,Juarez,229,0.43,2955.04,0.35
11148,Polanco,200,0.62,3715.07,0.48
11149,Condesa,256,0.3,2314.52,0.26
11150,Roma Norte,95,0.12,343.56,0.19
11151,Coyoacan,163,0.81,3965.59,0.57
11152,Coyoacan,207,0.21,1310.05,0.2
11153,Centro Historico,190,0.69,3950.96,0.52
11154,Polanco,144,0.16,710.14,0.2
11155,Narvarte,108,0.1,319.56,0.18
11156,Roma Norte,241,0.04,297.12,0.07
11157,Polanco,238,0.56,4010.14,0.45
11158,Roma Norte,195,0.55,3189.45,0.43
11159,Centro Historico,62,0.41,764.38,0.33
11160,Centro Historico,291,0.48,4233.45,0.4
11161,Narvarte,199,0.44,2600.63,0.35
11162,Coyoacan,97,0.36,1060.36,0.31
11163,Polanco,56,0.73,1228.93,0.46
11164,Del Valle,104,0.19,589.81,0.22
11165,Coyoacan,130,0.22,854.79,0.23
11166,Polanco,197,0.33,1943.01,0.28
11167,Coyoacan,113,0.47,1606.77,0.37
11168,Del Valle,39,0.4,471.21,0.33
11169,Condesa,154,0.62,2860.6,0.46
11170,Condesa,212,0.56,3537.21,0.44
11171,Narvarte,210,0.94,5920.27,0.7
11172,Condesa,251,0.64,4827.45,0.51
11173,Condesa,90,0.37,1006.03,0.31
11174,Juarez,221,0.68,4541.1,0.53
11175,Roma Norte,266,0.78,6252.82,0.63
11176,Juarez,289,0.44,3824.3,0.37
11177,Juarez,138,0.47,1928.22,0.37
11178,Narvarte,111,0.7,2344.68,0.48
11179,Juarez,264,0.75,5945.42,0.61
11180,Condesa,292,0.77,6744,0.64
11181,Del Valle,298,0.04,391.89,0.04
11182,Narvarte,216,0.45,2911.56,0.37
11183,Narvarte,290,0.08,738.9,0.08
11184,Centro Historico,72,0.39,840.33,0.32
11185,Narvarte,210,0.11,707.67,0.14
11186,Centro Historico,61,0.1,190.52,0.2
11187,Narvarte,174,0.58,3031.89,0.44
11188,Roma Norte,125,0.38,1438.36,0.32
11189,Condesa,95,0.09,249.86,0.18
11190,Narvarte,197,0.93,5521.4,0.68
11191,Condesa,177,0.38,2022.16,0.32
11192,Condesa,287,0.88,7572.08,0.73
11193,Coyoacan,221,0.47,3142.44,0.38
11194,Narvarte,120,0.24,848.22,0.24
11195,Polanco,200,0.7,4208.22,0.53
11196,Coyoacan,148,0.96,4245.37,0.65
11197,Polanco,217,0.89,5814.41,0.67
11198,Condesa,241,0.14,1010.22,0.14
11199,Condesa,290,0.58,5053.15,0.48
11200,Coyoacan,269,0.67,5416.85,0.55
11201,Coyoacan,37,0.34,377.1,0.3
11202,Polanco,242,0.48,3520.6,0.4
11203,Centro Historico,231,0.78,5392.11,0.6
11204,Polanco,159,0.4,1908,0.33
11205,Coyoacan,172,0.37,1922.63,0.31
11206,Del Valle,59,0.76,1338.41,0.47
11207,Coyoacan,102,0.75,2288.71,0.5
11208,Del Valle,95,0.86,2451.78,0.55
11209,Roma Norte,63,0.23,429.78,0.25
11210,Coyoacan,53,0.45,718.77,0.35
11211,Roma Norte,205,0.5,3083.42,0.4
11212,Centro Historico,108,0.96,3097.97,0.61
11213,Polanco,95,0.55,1569.45,0.4
11214,Del Valle,187,0.95,5317.97,0.68
11215,Polanco,82,0.88,2170.19,0.55
11216,Roma Norte,245,0.88,6443.84,0.69
11217,Del Valle,173,0.96,4976.71,0.67
11218,Polanco,144,0.39,1668.82,0.32
11219,Coyoacan,217,0.61,3959.51,0.48
11220,Condesa,62,0.19,361.81,0.24
11221,Roma Norte,231,0.63,4366.85,0.5
11222,Polanco,225,0.05,351.37,0.09
11223,Roma Norte,85,0.5,1271.51,0.37
11224,Juarez,183,0.56,3068.38,0.43
11225,Roma Norte,84,0.07,172.6,0.18
11226,Del Valle,280,0.9,7594.52,0.74
11227,Juarez,147,0.66,2911.81,0.48
11228,Narvarte,204,0.2,1207.23,0.2
11229,Del Valle,200,0.77,4619.18,0.58
11230,Condesa,48,0.52,749.59,0.37
11231,Juarez,237,0.46,3253.07,0.37
11232,Narvarte,223,0.76,5095.4,0.59
11233,Coyoacan,189,0.73,4132.11,0.54
11234,Roma Norte,89,0.49,1316.71,0.37
11235,Polanco,216,0.92,5947.4,0.69
11236,Centro Historico,244,0.83,6056.55,0.65
11237,Roma Norte,109,0.47,1540.93,0.36
11238,Narvarte,167,0.37,1839.29,0.31
11239,Roma Norte,93,0.11,313.4,0.19
11240,Condesa,216,0.08,497.1,0.11
11241,Coyoacan,98,0.48,1425.7,0.37
11242,Centro Historico,294,0.22,1933.15,0.18
11243,Juarez,227,0.67,4552.44,0.52
11244,Juarez,177,0.36,1920.33,0.31
11245,Juarez,138,0.39,1610.63,0.32
11246,Narvarte,248,0.81,6053.92,0.64
11247,Del Valle,276,0.08,657.86,0.08
11248,Del Valle,243,0.68,4933.23,0.54
11249,Polanco,127,0.55,2077.23,0.41
11250,Centro Historico,176,0.45,2386.85,0.36
11251,Juarez,146,0.43,1872,0.34
11252,Del Valle,93,0.12,336.33,0.19
11253,Narvarte,77,0.44,1012.6,0.34
11254,Polanco,241,0.88,6358.44,0.68
11255,Coyoacan,152,0.3,1374.25,0.27
11256,Polanco,54,0.33,528.16,0.3
11257,Del Valle,256,0.69,5302.36,0.55
11258,Condesa,200,0.96,5736.99,0.7
11259,Narvarte,165,0.2,990,0.21
11260,Condesa,190,0.97,5543.84,0.7
11261,Juarez,218,0.38,2454.74,0.31
11262,Condesa,124,0.35,1284.16,0.3
11263,Juarez,128,0.5,1935.78,0.38
11264,Juarez,47,0.74,1039.15,0.46
11265,Del Valle,264,0.86,6835.07,0.69
11266,Condesa,60,0.64,1149.04,0.42
11267,Juarez,109,0.07,223.97,0.16
11268,Centro Historico,184,0.16,877.15,0.18
11269,Coyoacan,182,0.49,2662.68,0.39
11270,Polanco,42,0.8,1011.45,0.48
11271,Polanco,63,0.52,989.01,0.38
11272,Del Valle,243,0.46,3375.37,0.38
11273,Condesa,162,0.4,1957.32,0.33
11274,Condesa,150,0.35,1590.41,0.3
11275,Juarez,178,0.84,4506.08,0.61
11276,Narvarte,269,0.36,2918.47,0.3
11277,Roma Norte,41,0.97,1189.56,0.54
11278,Juarez,79,0.5,1175.26,0.37
11279,Coyoacan,273,0.7,5766.66,0.57
11280,Centro Historico,189,0.66,3728.22,0.5
11281,Polanco,215,0.24,1519.73,0.22
11282,Juarez,249,0.28,2107.97,0.24
11283,Roma Norte,122,0.11,391.07,0.17
11284,Roma Norte,290,0.72,6221.1,0.59
11285,Juarez,107,0.23,729.95,0.24
11286,Del Valle,213,0.91,5812.27,0.68
11287,Polanco,246,0.66,4852.6,0.52
11288,Del Valle,268,0.56,4515.62,0.46
11289,Centro Historico,273,0.05,403.89,0.06
11290,Roma Norte,257,0.84,6463.73,0.67
11291,Roma Norte,153,0.41,1886.3,0.34
11292,Coyoacan,298,0.06,514.36,0.05
11293,Centro Historico,241,0.76,5486.88,0.6
11294,Roma Norte,129,0.78,3032.38,0.53
11295,Centro Historico,256,0.9,6922.52,0.71
11296,Polanco,265,0.23,1851.37,0.2
11297,Condesa,153,0.84,3848.05,0.58
11298,Roma Norte,98,0.18,515.51,0.22
11299,Coyoacan,45,0.3,403.15,0.29
11300,Polanco,132,0.25,998.14,0.25
11301,Juarez,105,0.76,2390.55,0.5
11302,Centro Historico,92,0.45,1255.23,0.35
11303,Juarez,285,0.85,7238.22,0.7
11304,Del Valle,84,0.01,13.81,0.15
11305,Polanco,250,0.01,82.19,0.04
11306,Juarez,86,0.46,1180.44,0.35
11307,Narvarte,118,0.27,969.86,0.26
11308,Narvarte,160,0.37,1762.19,0.31
11309,Roma Norte,106,0.32,1001.92,0.29
11310,Centro Historico,270,0.24,1930.68,0.21
11311,Condesa,90,0.97,2626.03,0.59
11312,Polanco,144,0.88,3811.07,0.6
11313,Roma Norte,226,0.76,5145.37,0.59
11314,Coyoacan,127,0.33,1252.6,0.29
11315,Del Valle,90,0.06,162.74,0.17
11316,Centro Historico,94,0.02,54.08,0.15
11317,Polanco,172,0.71,3647.34,0.52
11318,Narvarte,73,0.75,1644,0.48
11319,Polanco,62,0.45,835.73,0.35
11320,Condesa,83,0.28,702.66,0.27
11321,Narvarte,159,0.87,4155.78,0.61
11322,Condesa,47,0.94,1321.15,0.54
11323,Coyoacan,70,0.02,51.78,0.16
11324,Del Valle,135,0.13,510.41,0.18
11325,Coyoacan,120,0.4,1449.86,0.33
11326,Roma Norte,38,0.73,833.92,0.45
11327,Roma Norte,257,0.82,6336.99,0.66
11328,Coyoacan,200,0.72,4306.85,0.54
11329,Del Valle,164,0.72,3545.1,0.52
11330,Coyoacan,65,0.04,85.48,0.18
11331,Del Valle,45,0.74,1002.33,0.46
11332,Del Valle,130,0.3,1186.03,0.28
11333,Juarez,224,0.92,6149.26,0.69
11334,Narvarte,226,0.18,1207.4,0.17
11335,Centro Historico,162,0.23,1118.47,0.23
11336,Del Valle,272,0.14,1117.81,0.13
11337,Condesa,146,0.64,2808,0.47
11338,Del Valle,179,0.62,3354.41,0.47
11339,Del Valle,99,0.67,1977.29,0.46
11340,Del Valle,281,0.23,1916.96,0.2
11341,Juarez,257,0.05,422.47,0.07
11342,Narvarte,140,0.62,2600.55,0.45
11343,Juarez,215,0.61,3958.36,0.48
11344,Roma Norte,218,0.74,4855.73,0.57
11345,Juarez,260,0.02,128.22,0.04
11346,Condesa,299,0.75,6758.22,0.63
11347,Condesa,123,0.08,313.4,0.16
11348,Juarez,210,0.79,4953.7,0.59
11349,Narvarte,52,0.57,888.99,0.39
11350,Coyoacan,140,0.93,3912.33,0.62
11351,Centro Historico,201,0.13,809.51,0.15
11352,Narvarte,47,0.69,969.62,0.44
11353,Juarez,66,0.52,1036.11,0.38
11354,Del Valle,74,0.42,942.74,0.34
11355,Polanco,182,0.44,2378.47,0.35
11356,Centro Historico,252,0.47,3541.81,0.38
11357,Centro Historico,253,0.09,707.01,0.1
11358,Condesa,116,0.25,867.62,0.25
11359,Centro Historico,242,0.7,5091.95,0.55
11360,Juarez,235,0.04,270.41,0.07
11361,Del Valle,72,0.1,213.04,0.19
11362,Del Valle,245,0.39,2859.45,0.32
11363,Roma Norte,283,0.21,1814.3,0.18
11364,Del Valle,261,0.53,4161.7,0.43
11365,Narvarte,82,0.55,1341.21,0.39
11366,Del Valle,52,0.29,448.77,0.28
11367,Condesa,230,0.71,4896.16,0.55
11368,Del Valle,221,0.93,6139.56,0.7
11369,Roma Norte,258,0.08,614.96,0.09
11370,Polanco,263,0.71,5598.66,0.57
11371,Juarez,111,0.97,3238.77,0.62
11372,Condesa,222,0.38,2554.52,0.32
11373,Narvarte,129,0.61,2375.01,0.44
11374,Polanco,166,0.26,1309.81,0.25
11375,Condesa,73,0.63,1386,0.43
11376,Coyoacan,106,0.75,2387.18,0.5
11377,Centro Historico,194,0.2,1164,0.2
11378,Coyoacan,221,0.51,3360.41,0.41
11379,Del Valle,225,0.81,5492.47,0.62
11380,Polanco,154,0.89,4101.04,0.61
11381,Del Valle,254,0.53,4070.96,0.43
11382,Centro Historico,87,0.2,514.85,0.23
11383,Condesa,256,0.68,5260.27,0.55
11384,Centro Historico,165,0.69,3403.97,0.5
11385,Roma Norte,271,0.35,2851.07,0.29
11386,Centro Historico,280,0.46,3866.3,0.38
11387,Roma Norte,260,0.78,6111.78,0.63
11388,Centro Historico,242,0.1,755.84,0.11
11389,Juarez,130,0.18,705.21,0.21
11390,Roma Norte,234,0.74,5173.64,0.58
11391,Polanco,281,0.82,6928.77,0.67
11392,Del Valle,106,0.67,2117.1,0.46
11393,Narvarte,219,0.94,6174,0.71
11394,Del Valle,40,0.93,1111.23,0.52
11395,Coyoacan,240,0.48,3432.33,0.39
11396,Del Valle,66,0.67,1318.19,0.44
11397,Condesa,133,0.35,1388.3,0.3
11398,Juarez,290,0.51,4409.59,0.42
11399,Centro Historico,221,0.17,1108.03,0.17
11400,Coyoacan,110,0.46,1509.86,0.36
11401,Condesa,211,0.76,4803.86,0.58
11402,Condesa,289,0.58,4988.22,0.48
11403,Roma Norte,224,0.48,3203.51,0.39
11404,Del Valle,161,0.19,926.3,0.21
11405,Polanco,288,0.29,2509.15,0.24
11406,Narvarte,247,0.01,40.6,0.04
11407,Polanco,284,0.12,980.38,0.1
11408,Coyoacan,118,0.44,1551.78,0.35
11409,Juarez,47,0.09,127.48,0.2
11410,Polanco,79,0.78,1850.55,0.5
11411,Centro Historico,161,0.3,1429.15,0.27
11412,Polanco,148,0.58,2554.52,0.43
11413,Coyoacan,239,0.68,4910.96,0.54
11414,Narvarte,92,0.25,703.23,0.26
11415,Polanco,253,0.16,1247.67,0.16
11416,Centro Historico,143,0.78,3361.48,0.54
11417,Roma Norte,208,0.45,2786.63,0.36
11418,Juarez,298,0.79,7054.03,0.66
11419,Coyoacan,145,0.14,607.81,0.18
11420,Roma Norte,221,0.83,5521.97,0.63
11421,Roma Norte,263,0.19,1534.77,0.17
11422,Roma Norte,190,0.06,343.56,0.11
11423,Condesa,223,0.95,6360.08,0.72
11424,Juarez,36,0.29,310.68,0.28
11425,Narvarte,280,0.07,552.33,0.07
11426,Del Valle,244,0.16,1163.18,0.15
11427,Juarez,47,0.47,664.44,0.35
11428,Condesa,130,0.48,1891.23,0.37
11429,Del Valle,255,0.43,3311.51,0.36
11430,Juarez,272,0.62,5097.21,0.51
11431,Roma Norte,128,0.92,3534.9,0.61
11432,Coyoacan,205,0.08,471.78,0.11
11433,Del Valle,128,0.8,3061.48,0.54
11434,Centro Historico,183,0.48,2617.15,0.38
11435,Centro Historico,146,0.32,1380,0.28
11436,Polanco,89,0.91,2428.6,0.56
11437,Del Valle,150,0.75,3365.75,0.53
11438,Coyoacan,177,0.1,538.27,0.14
11439,Narvarte,235,0.47,3302.88,0.38
11440,Condesa,214,0.11,703.56,0.13
11441,Roma Norte,236,0.7,4985.1,0.55
11442,Polanco,87,0.81,2102.3,0.51
11443,Centro Historico,214,0.19,1231.23,0.19
11444,Condesa,171,0.92,4694.3,0.64
11445,Condesa,216,0.39,2556.49,0.33
11446,Roma Norte,35,0.63,661.64,0.41
11447,Narvarte,78,0.86,2013.04,0.53
11448,Narvarte,261,0.71,5534.63,0.57
11449,Del Valle,132,0.89,3526.03,0.59
11450,Centro Historico,242,0.54,3938.3,0.44
11451,Narvarte,299,0.67,5996.38,0.56
11452,Coyoacan,174,0.3,1558.85,0.27
11453,Narvarte,271,0.64,5212.11,0.52
11454,Condesa,106,0.23,723.12,0.24
11455,Roma Norte,189,0.17,963.12,0.18
11456,Coyoacan,224,0.41,2743.23,0.34
11457,Del Valle,141,0.67,2850.9,0.48
11458,Centro Historico,266,0.21,1705.32,0.19
11459,Del Valle,76,0.82,1873.97,0.51
11460,Condesa,224,0.82,5504.88,0.63
11461,Coyoacan,173,0.18,924.25,0.19
11462,Coyoacan,137,0.66,2724.99,0.47
11463,Coyoacan,205,0.13,808.77,0.15
11464,Condesa,255,0.04,314.38,0.06
11465,Condesa,247,0.43,3207.62,0.36
11466,Del Valle,90,0.1,258.9,0.18
11467,Polanco,136,0.48,1978.52,0.38
11468,Del Valle,226,0.38,2544.82,0.31
11469,Centro Historico,234,0.22,1519.4,0.2
11470,Roma Norte,267,0.93,7461.37,0.75
11471,Coyoacan,261,0.81,6328.36,0.65
11472,Polanco,173,0.83,4294.19,0.59
11473,Roma Norte,183,0.52,2827.73,0.4
11474,Polanco,149,0.9,4041.37,0.62
11475,Narvarte,97,0.05,159.45,0.16
11476,Narvarte,138,0.8,3300.66,0.55
11477,Juarez,190,0.7,3997.81,0.52
11478,Narvarte,40,0.77,927.12,0.47
11479,Del Valle,181,0.45,2439.78,0.36
11480,Narvarte,218,0.51,3314.79,0.41
11481,Condesa,62,0.23,422.96,0.25
11482,Coyoacan,72,0.46,1000.11,0.35
11483,Del Valle,153,0.91,4187.59,0.63
11484,Roma Norte,278,0.48,3998.63,0.4
11485,Juarez,102,0.08,243.12,0.17
11486,Juarez,248,0.68,5055.12,0.54
11487,Juarez,252,0.06,434.96,0.07
11488,Roma Norte,211,0.53,3364.44,0.42
11489,Roma Norte,198,0.15,878.79,0.16
11490,Roma Norte,92,0.41,1134.25,0.33
11491,Roma Norte,92,0.76,2102.14,0.5
11492,Juarez,139,0.93,3884.38,0.62
11493,Juarez,262,0.08,624.49,0.09
11494,Polanco,281,0.71,6004.93,0.59
11495,Del Valle,222,0.57,3813.53,0.45
11496,Coyoacan,117,0.97,3404.22,0.62
11497,Narvarte,220,0.95,6256.44,0.71
11498,Narvarte,286,0.63,5430.08,0.52
11499,Condesa,272,0.75,6147.95,0.61
11500,Juarez,218,0.59,3870.25,0.46
